,merger,pre_hhi,post_hhi,dhhi,c4,post_merger_1,se_pm_1,pval_pm_1,post_merger_merging_1,se_pmm_1,pval_pmm_1,post_merger_2,se_pm_2,pval_pm_2,post_merger_merging_2,se_pmm_2,pval_pmm_2,post_merger_3,se_pm_3,pval_pm_3,post_merger_merging_3,se_pmm_3,pval_pmm_3,post_merger_4,se_pm_4,pval_pm_4,post_merger_merging_4,se_pmm_4,pval_pmm_4,post_merger_5,se_pm_5,pval_pm_5,post_merger_merging_5,se_pmm_5,pval_pmm_5,post_merger_6,se_pm_6,pval_pm_6,post_merger_merging_6,se_pmm_6,pval_pmm_6,post_merger_7,se_pm_7,pval_pm_7,post_merger_merging_7,se_pmm_7,pval_pmm_7,post_merger_8,se_pm_8,pval_pm_8,post_merger_merging_8,se_pmm_8,pval_pmm_8,post_merger_9,se_pm_9,pval_pm_9,post_merger_merging_9,se_pmm_9,pval_pmm_9,post_merger_10,se_pm_10,pval_pm_10,post_merger_merging_10,se_pmm_10,pval_pmm_10,post_merger_11,se_pm_11,pval_pm_11,post_merger_merging_11,se_pmm_11,pval_pmm_11,post_merger_12,se_pm_12,pval_pm_12,post_merger_merging_12,se_pmm_12,pval_pmm_12,post_merger_13,se_pm_13,pval_pm_13,post_merger_merging_13,se_pmm_13,pval_pmm_13,post_merger_14,se_pm_14,pval_pm_14,post_merger_merging_14,se_pmm_14,pval_pmm_14,post_merger_15,se_pm_15,pval_pm_15,post_merger_merging_15,se_pmm_15,pval_pmm_15,post_merger_16,se_pm_16,pval_pm_16,post_merger_merging_16,se_pmm_16,pval_pmm_16,post_merger_17,se_pm_17,pval_pm_17,post_merger_merging_17,se_pmm_17,pval_pmm_17,post_merger_18,se_pm_18,pval_pm_18,post_merger_merging_18,se_pmm_18,pval_pmm_18,post_merger_19,se_pm_19,pval_pm_19,post_merger_merging_19,se_pmm_19,pval_pmm_19,post_merger_20,se_pm_20,pval_pm_20,post_merger_merging_20,se_pmm_20,pval_pmm_20,post_merger_21,se_pm_21,pval_pm_21,post_merger_merging_21,se_pmm_21,pval_pmm_21,post_merger_22,se_pm_22,pval_pm_22,post_merger_merging_22,se_pmm_22,pval_pmm_22,post_merger_23,se_pm_23,pval_pm_23,post_merger_merging_23,se_pmm_23,pval_pmm_23,post_merger_24,se_pm_24,pval_pm_24,post_merger_merging_24,se_pmm_24,pval_pmm_24,post_merger_25,se_pm_25,pval_pm_25,post_merger_merging_25,se_pmm_25,pval_pmm_25,post_merger_26,se_pm_26,pval_pm_26,post_merger_merging_26,se_pmm_26,pval_pmm_26,post_merger_27,se_pm_27,pval_pm_27,post_merger_merging_27,se_pmm_27,pval_pmm_27,post_merger_28,se_pm_28,pval_pm_28,post_merger_merging_28,se_pmm_28,pval_pmm_28,post_merger_29,se_pm_29,pval_pm_29,post_merger_merging_29,se_pmm_29,pval_pmm_29,post_merger_30,se_pm_30,pval_pm_30,post_merger_merging_30,se_pmm_30,pval_pmm_30,post_merger_31,se_pm_31,pval_pm_31,post_merger_merging_31,se_pmm_31,pval_pmm_31,post_merger_32,se_pm_32,pval_pm_32,post_merger_merging_32,se_pmm_32,pval_pmm_32,post_merger_33,se_pm_33,pval_pm_33,post_merger_merging_33,se_pmm_33,pval_pmm_33,post_merger_34,se_pm_34,pval_pm_34,post_merger_merging_34,se_pmm_34,pval_pmm_34,post_merger_35,se_pm_35,pval_pm_35,post_merger_merging_35,se_pmm_35,pval_pmm_35,post_merger_36,se_pm_36,pval_pm_36,post_merger_merging_36,se_pmm_36,pval_pmm_36,post_merger_37,se_pm_37,pval_pm_37,post_merger_merging_37,se_pmm_37,pval_pmm_37,post_merger_38,se_pm_38,pval_pm_38,post_merger_merging_38,se_pmm_38,pval_pmm_38,post_merger_39,se_pm_39,pval_pm_39,post_merger_merging_39,se_pmm_39,pval_pmm_39,post_merger_40,se_pm_40,pval_pm_40,post_merger_merging_40,se_pmm_40,pval_pmm_40,post_merger_41,se_pm_41,pval_pm_41,post_merger_merging_41,se_pmm_41,pval_pmm_41,post_merger_42,se_pm_42,pval_pm_42,post_merger_merging_42,se_pmm_42,pval_pmm_42,post_merger_43,se_pm_43,pval_pm_43,post_merger_merging_43,se_pmm_43,pval_pmm_43,post_merger_44,se_pm_44,pval_pm_44,post_merger_merging_44,se_pmm_44,pval_pmm_44,post_merger_45,se_pm_45,pval_pm_45,post_merger_merging_45,se_pmm_45,pval_pmm_45
0,m_1785984020_10,0.3557340621581901,0.3557340621581901,0.0,0.5314540558250502,0.00854,0.00337,0.012,-2.773,0.007109999999999999,0.0,-0.00466,0.00156,0.0030800000000000003,-1.431,0.00223,0.0,,,,-1.4669999999999999,0.00322,0.0,-0.0169,0.00175,0.0,-1.445,0.0025,0.0,-0.00463,0.0015400000000000001,0.00309,-1.446,0.000139,0.0,0.0278,0.00406,8.95e-11,-2.792,0.0072,0.0,0.000263,0.00156,0.866,-1.4369999999999998,0.0025399999999999997,0.0,,,,-1.472,0.0035399999999999997,0.0,-0.0121,0.00176,8.31e-11,-1.4509999999999998,0.00278,0.0,0.00106,0.0016,0.508,-1.4580000000000002,0.00168,0.0,0.008620000000000001,0.00337,0.0112,,,,-0.00465,0.00156,0.0031100000000000004,,,,,,,,,,-0.0169,0.0017399999999999998,0.0,,,,-0.00462,0.0015400000000000001,0.00312,,,,0.0447,0.0111,7.53e-05,,,,0.0447,0.0111,7.53e-05,,,,0.008620000000000001,0.00337,0.0112,,,,0.00148,0.0043100000000000005,0.731,,,,0.00148,0.0043100000000000005,0.731,,,,-0.00465,0.00156,0.0031100000000000004,,,,,,,,,,,,,,,,,,,,,,-0.0107,0.00421,0.0117,,,,0.00923,0.0037700000000000003,0.0151,,,,-0.0107,0.00421,0.0117,,,,0.00923,0.0037700000000000003,0.0151,,,,-0.0169,0.0017399999999999998,0.0,,,,-0.00462,0.0015400000000000001,0.00312,,,,0.007259999999999999,0.0038299999999999996,0.0596,-2.73,0.011,0.0,-0.00485,0.00161,0.00285,-1.433,0.00224,0.0,,,,-1.4680000000000002,0.0032600000000000003,0.0,-0.0169,0.00176,0.0,-1.446,0.0025,0.0,-0.00477,0.00158,0.00295,-1.4469999999999998,0.000508,0.0,0.0254,0.004379999999999999,2.44e-08,-2.75,0.0112,0.0,6.56e-05,0.00162,0.968,-1.439,0.00255,0.0,,,,-1.473,0.00359,0.0,-0.012,0.0017800000000000001,1.33e-10,-1.452,0.00279,0.0,0.000918,0.00164,0.5770000000000001,-1.459,0.00176,0.0,0.00734,0.0038299999999999996,0.0569,,,,-0.00485,0.00161,0.0028699999999999997,,,,,,,,,,-0.0169,0.00176,0.0,,,,-0.00476,0.00158,0.00298,,,
1,m_1838188020_2,0.2654618915322301,0.2654618915322301,0.0,0.5577339723956577,-0.0438,0.00595,0.0,0.165,0.0132,0.0,-0.0703,0.0027,0.0,-0.00755,0.00221,0.000773,,,,-0.00464,0.00237,0.0511,-0.0653,0.00301,0.0,-0.0094,0.00229,5.8599999999999995e-05,-0.0704,0.00271,0.0,-0.00809,0.00216,0.000233,-0.0142,0.006520000000000001,0.03,0.11699999999999999,0.0132,0.0,-0.0726,0.00253,0.0,-0.00561,0.00223,0.0126,,,,-0.00232,0.00243,0.342,-0.0673,0.0028399999999999996,0.0,-0.007529999999999999,0.00231,0.00132,-0.0722,0.00257,0.0,-0.0066,0.0022,0.00302,-0.0605,0.00583,0.0,,,,-0.0696,0.00264,0.0,,,,,,,,,,-0.0641,0.00293,0.0,,,,-0.0696,0.00265,0.0,,,,-0.0529,0.0153,0.000648,,,,-0.0529,0.0153,0.000648,,,,-0.0605,0.00583,0.0,,,,-0.0961,0.0162,1.32e-08,,,,-0.0961,0.0162,1.32e-08,,,,-0.0696,0.00264,0.0,,,,,,,,,,,,,,,,,,,,,,-0.0907,0.0163,8.1e-08,,,,-0.0973,0.0151,8.790000000000001e-10,,,,-0.0907,0.0163,8.1e-08,,,,-0.0973,0.0151,8.790000000000001e-10,,,,-0.0641,0.00293,0.0,,,,-0.0696,0.00265,0.0,,,,-0.0429,0.00603,0.0,0.165,0.0132,0.0,-0.0701,0.0027199999999999998,0.0,-0.00762,0.00221,0.000683,,,,-0.00464,0.00237,0.0511,-0.0648,0.00305,0.0,-0.00946,0.00229,5.1e-05,-0.0701,0.00274,0.0,-0.0082,0.00216,0.00018999999999999998,-0.0132,0.00659,0.046,0.11699999999999999,0.0133,0.0,-0.0724,0.00255,0.0,-0.005679999999999999,0.00223,0.0114,,,,-0.00232,0.00243,0.341,-0.0668,0.00288,0.0,-0.0076,0.00231,0.00118,-0.0719,0.0026100000000000003,0.0,-0.00671,0.0022,0.0025399999999999997,-0.0595,0.00596,0.0,,,,-0.0694,0.00267,0.0,,,,,,,,,,-0.0636,0.00298,0.0,,,,-0.0693,0.00268,0.0,,,
2,m_1838188020_3,0.2963902023511315,0.2963902023511315,0.0,0.843288884857663,-0.0414,0.00475,0.0,0.326,0.0276,0.0,-0.0416,0.00336,0.0,-0.0777,0.0179,2.1899999999999997e-05,,,,-0.0782,0.0178,1.83e-05,-0.0404,0.00367,0.0,-0.0782,0.0179,1.89e-05,-0.0414,0.00337,0.0,-0.0655,0.0179,0.00031299999999999996,-0.17,0.0048,0.0,0.457,0.0274,0.0,-0.051,0.00351,0.0,-0.0681,0.0178,0.000178,,,,-0.0687,0.0178,0.000151,-0.0498,0.0038299999999999996,0.0,-0.0687,0.0178,0.000155,-0.051,0.00355,0.0,-0.0554,0.0179,0.00223,-0.0382,0.00456,0.0,,,,-0.0426,0.0033299999999999996,0.0,,,,,,,,,,-0.0415,0.00365,0.0,,,,-0.0423,0.00335,0.0,,,,-0.0297,0.0109,0.007,,,,-0.0297,0.0109,0.007,,,,-0.0382,0.00456,0.0,,,,-0.0627,0.00836,0.0,,,,-0.0627,0.00836,0.0,,,,-0.0426,0.0033299999999999996,0.0,,,,,,,,,,,,,,,,,,,,,,-0.0615,0.00854,0.0,,,,-0.0658,0.00815,0.0,,,,-0.0615,0.00854,0.0,,,,-0.0658,0.00815,0.0,,,,-0.0415,0.00365,0.0,,,,-0.0423,0.00335,0.0,,,,-0.0434,0.00483,0.0,0.32299999999999995,0.0274,0.0,-0.0417,0.00339,0.0,-0.0778,0.0179,2.15e-05,,,,-0.0783,0.0178,1.7899999999999998e-05,-0.0405,0.00374,0.0,-0.0782,0.0179,1.88e-05,-0.0416,0.0034,0.0,-0.0655,0.0179,0.000308,-0.171,0.00486,0.0,0.45399999999999996,0.0271,0.0,-0.0512,0.00355,0.0,-0.0682,0.0178,0.000175,,,,-0.0688,0.0178,0.000148,-0.0499,0.0039,0.0,-0.0687,0.0178,0.000154,-0.0513,0.00358,0.0,-0.0555,0.0179,0.00221,-0.0402,0.00465,0.0,,,,-0.0428,0.00337,0.0,,,,,,,,,,-0.0416,0.00372,0.0,,,,-0.0425,0.0033799999999999998,0.0,,,
3,m_2105747040_4,0.4747899085589046,0.4747899085589046,0.0,0.9846136615825648,-0.138,0.0050799999999999994,0.0,0.205,0.0067599999999999995,0.0,-0.0322,0.00465,5.17e-11,0.0422,0.004229999999999999,0.0,,,,0.0423,0.004229999999999999,0.0,-0.0297,0.00473,1.88e-09,0.0422,0.004229999999999999,0.0,-0.0302,0.00464,5.45e-10,0.0383,0.0042,0.0,-0.0781,0.00658,0.0,0.14300000000000002,0.00868,0.0,-0.0119,0.0057,0.0376,0.0217,0.00495,1.8e-05,,,,0.0216,0.00494,2.05e-05,-0.00945,0.00571,0.0994,0.0218,0.00495,1.8e-05,-0.0077599999999999995,0.00573,0.177,0.0156,0.0050100000000000006,0.00215,-0.0424,0.0032700000000000003,0.0,,,,-0.009009999999999999,0.00324,0.00592,,,,,,,,,,-0.006509999999999999,0.0033200000000000005,0.0514,,,,-0.00914,0.00325,0.00535,,,,0.00707,0.0296,0.8109999999999999,,,,0.00707,0.0296,0.8109999999999999,,,,-0.0424,0.0032700000000000003,0.0,,,,0.00843,0.0237,0.723,,,,0.00843,0.0237,0.723,,,,-0.009009999999999999,0.00324,0.00592,,,,,,,,,,,,,,,,,,,,,,0.0111,0.0237,0.639,,,,0.113,0.029,0.00013000000000000002,,,,0.0111,0.0237,0.639,,,,0.113,0.029,0.00013000000000000002,,,,-0.006509999999999999,0.0033200000000000005,0.0514,,,,-0.00914,0.00325,0.00535,,,,-0.138,0.00509,0.0,0.204,0.0067599999999999995,0.0,-0.0324,0.00466,0.0,0.0421,0.004220000000000001,0.0,,,,0.0423,0.004220000000000001,0.0,-0.0298,0.00474,1.8299999999999999e-09,0.0421,0.004229999999999999,0.0,-0.0304,0.00466,4.91e-10,0.0383,0.0042,0.0,-0.0778,0.0066,0.0,0.14300000000000002,0.00869,0.0,-0.0121,0.00571,0.0352,0.0218,0.00494,1.74e-05,,,,0.0216,0.00494,2.0300000000000002e-05,-0.009559999999999999,0.00571,0.0959,0.0218,0.00495,1.74e-05,-0.00797,0.0057399999999999994,0.166,0.0155,0.0050100000000000006,0.0021899999999999997,-0.042,0.0033,0.0,,,,-0.009170000000000001,0.00325,0.00527,,,,,,,,,,-0.00662,0.0033299999999999996,0.0485,,,,-0.00937,0.0032600000000000003,0.0045,,,
4,m_2129407020_1,0.24634710590734246,0.24634710590734246,-1.0989189717443199e-18,0.5107693680512266,-0.0731,0.00161,0.0,0.642,0.0101,0.0,-0.065,0.00131,0.0,-0.0268,0.0054399999999999995,1.75e-06,,,,-0.0254,0.00542,5.12e-06,-0.0751,0.00147,0.0,-0.0265,0.0054399999999999995,2.18e-06,-0.065,0.00131,0.0,-0.0241,0.0054600000000000004,1.67e-05,0.0117,0.00253,6.69e-06,0.556,0.00983,0.0,-0.0659,0.00156,0.0,-0.0259,0.00554,5.58e-06,,,,-0.0244,0.005529999999999999,1.6899999999999997e-05,-0.0759,0.0016899999999999999,0.0,-0.0256,0.00554,6.75e-06,-0.0666,0.00155,0.0,-0.0224,0.00555,7.759999999999999e-05,-0.0638,0.00151,0.0,,,,-0.0654,0.0012900000000000001,0.0,,,,,,,,,,-0.0755,0.00145,0.0,,,,-0.0653,0.0012900000000000001,0.0,,,,-0.0458,0.0083,1e-07,,,,-0.0458,0.0083,1e-07,,,,-0.0638,0.00151,0.0,,,,-0.0555,0.00744,0.0,,,,-0.0555,0.00744,0.0,,,,-0.0654,0.0012900000000000001,0.0,,,,,,,,,,,,,,,,,,,,,,-0.0656,0.00743,0.0,,,,-0.0604,0.006220000000000001,0.0,,,,-0.0656,0.00743,0.0,,,,-0.0604,0.006220000000000001,0.0,,,,-0.0755,0.00145,0.0,,,,-0.0653,0.0012900000000000001,0.0,,,,-0.0725,0.0017,0.0,0.642,0.0101,0.0,-0.0649,0.00132,0.0,-0.0267,0.0054399999999999995,1.79e-06,,,,-0.0254,0.00542,5.15e-06,-0.0749,0.00149,0.0,-0.0264,0.0054399999999999995,2.32e-06,-0.065,0.00132,0.0,-0.0241,0.0054600000000000004,1.67e-05,0.0121,0.0026,5.47e-06,0.556,0.00983,0.0,-0.0658,0.00156,0.0,-0.0258,0.00554,5.73e-06,,,,-0.0244,0.005529999999999999,1.7e-05,-0.0758,0.0017100000000000001,0.0,-0.0255,0.00555,7.26e-06,-0.0666,0.00155,0.0,-0.0224,0.00555,7.759999999999999e-05,-0.0632,0.00161,0.0,,,,-0.0654,0.0013,0.0,,,,,,,,,,-0.0753,0.00147,0.0,,,,-0.0653,0.0013,0.0,,,
5,m_2129407020_19,0.5755223595962715,0.5755223595962715,1.1156115887343782e-19,0.7878217920033511,-0.0698,0.0035700000000000003,0.0,0.34,0.00793,0.0,-0.0468,0.0024100000000000002,0.0,0.0488,0.0036899999999999997,0.0,,,,0.0482,0.0037,0.0,-0.0554,0.00252,0.0,0.0489,0.0036899999999999997,0.0,-0.0467,0.00243,0.0,0.0478,0.0035600000000000002,0.0,0.0644,0.00837,0.0,0.204,0.012,0.0,-0.0534,0.00312,0.0,0.0554,0.0042,0.0,,,,0.0547,0.004220000000000001,0.0,-0.0619,0.00321,0.0,0.0554,0.00421,0.0,-0.0558,0.00314,0.0,0.057,0.00404,0.0,-0.0253,0.00358,0.0,,,,-0.0401,0.00252,0.0,,,,,,,,,,-0.0486,0.00263,0.0,,,,-0.0401,0.00253,0.0,,,,-0.0515,0.0107,2.76e-06,,,,-0.0515,0.0107,2.76e-06,,,,-0.0253,0.00358,0.0,,,,-0.0296,0.00842,0.000553,,,,-0.0296,0.00842,0.000553,,,,-0.0401,0.00252,0.0,,,,,,,,,,,,,,,,,,,,,,-0.0378,0.00854,1.57e-05,,,,-0.054,0.00983,1.1699999999999999e-07,,,,-0.0378,0.00854,1.57e-05,,,,-0.054,0.00983,1.1699999999999999e-07,,,,-0.0486,0.00263,0.0,,,,-0.0401,0.00253,0.0,,,,-0.0685,0.0036799999999999997,0.0,0.33799999999999997,0.00773,0.0,-0.0464,0.00242,0.0,0.0487,0.0036899999999999997,0.0,,,,0.0481,0.0037,0.0,-0.0549,0.00255,0.0,0.0488,0.0036899999999999997,0.0,-0.0463,0.00244,0.0,0.0478,0.0035700000000000003,0.0,0.066,0.00842,0.0,0.20199999999999999,0.0117,0.0,-0.0531,0.00316,0.0,0.0553,0.00419,0.0,,,,0.0546,0.00421,0.0,-0.0615,0.0032600000000000003,0.0,0.0554,0.0042,0.0,-0.0554,0.00317,0.0,0.057,0.00404,0.0,-0.024,0.0037600000000000003,1.0800000000000002e-09,,,,-0.0397,0.00255,0.0,,,,,,,,,,-0.0482,0.00268,0.0,,,,-0.0398,0.00255,0.0,,,
6,m_2129407020_2,0.4423917576132736,0.4423917576132736,0.0,0.8697086375841508,-0.0341,0.0022600000000000003,0.0,-0.45399999999999996,0.0136,0.0,-0.0769,0.00164,0.0,0.0221,0.00313,0.0,,,,0.0228,0.0030800000000000003,0.0,-0.0932,0.00187,0.0,0.0222,0.00312,0.0,-0.0768,0.00164,0.0,0.0212,0.00314,1.6299999999999998e-10,-0.128,0.0054399999999999995,0.0,-0.349,0.0136,0.0,-0.0539,0.00218,0.0,-0.0042899999999999995,0.00386,0.268,,,,-0.0033299999999999996,0.0038,0.382,-0.0703,0.00245,0.0,-0.00418,0.00386,0.281,-0.0542,0.0021899999999999997,0.0,-0.00469,0.0038399999999999997,0.223,-0.0662,0.00207,0.0,,,,-0.0752,0.00158,0.0,,,,,,,,,,-0.0916,0.0018,0.0,,,,-0.0753,0.00159,0.0,,,,-0.0528,0.007,0.0,,,,-0.0528,0.007,0.0,,,,-0.0662,0.00207,0.0,,,,-0.0562,0.00432,0.0,,,,-0.0562,0.00432,0.0,,,,-0.0752,0.00158,0.0,,,,,,,,,,,,,,,,,,,,,,-0.0726,0.00445,0.0,,,,-0.0629,0.00456,0.0,,,,-0.0726,0.00445,0.0,,,,-0.0629,0.00456,0.0,,,,-0.0916,0.0018,0.0,,,,-0.0753,0.00159,0.0,,,,-0.0334,0.0025,0.0,-0.45299999999999996,0.0136,0.0,-0.0766,0.0016699999999999998,0.0,0.022,0.00313,0.0,,,,0.0227,0.00307,0.0,-0.093,0.0018899999999999998,0.0,0.0221,0.00312,0.0,-0.0766,0.0017,0.0,0.0212,0.00314,1.6299999999999998e-10,-0.127,0.00554,0.0,-0.348,0.0135,0.0,-0.0537,0.00221,0.0,-0.00443,0.00386,0.252,,,,-0.0034,0.0038,0.37200000000000005,-0.0701,0.00246,0.0,-0.00428,0.00386,0.26899999999999996,-0.0539,0.00223,0.0,-0.00469,0.0038399999999999997,0.22399999999999998,-0.0652,0.0023899999999999998,0.0,,,,-0.075,0.00161,0.0,,,,,,,,,,-0.0914,0.00182,0.0,,,,-0.075,0.00164,0.0,,,
7,m_2194164020_3,0.4399899224267949,0.4399899224267949,-2.44953234364618e-19,0.782719631117201,0.0132,0.00182,0.0,-0.11900000000000001,0.00614,0.0,0.0198,0.00145,0.0,0.0299,0.0034799999999999996,0.0,,,,0.0306,0.00349,0.0,0.0113,0.00151,0.0,0.0305,0.0034700000000000004,0.0,0.0199,0.00145,0.0,0.0283,0.00339,0.0,-0.23,0.00355,0.0,0.134,0.0070799999999999995,0.0,0.004229999999999999,0.0018800000000000002,0.0257,0.0453,0.00309,0.0,,,,0.0461,0.00312,0.0,-0.00413,0.00197,0.037,0.0457,0.0030800000000000003,0.0,0.004370000000000001,0.0018899999999999998,0.022,0.0436,0.0030399999999999997,0.0,0.0061,0.00168,0.000341,,,,0.0217,0.0013800000000000002,0.0,,,,,,,,,,0.0133,0.00145,0.0,,,,0.0217,0.00139,0.0,,,,0.0577,0.0178,0.0013800000000000002,,,,0.0577,0.0178,0.0013800000000000002,,,,0.0061,0.00168,0.000341,,,,0.0452,0.0164,0.00634,,,,0.0452,0.0164,0.00634,,,,0.0217,0.0013800000000000002,0.0,,,,,,,,,,,,,,,,,,,,,,0.0366,0.0163,0.0261,,,,0.0451,0.00821,1.1599999999999999e-07,,,,0.0366,0.0163,0.0261,,,,0.0451,0.00821,1.1599999999999999e-07,,,,0.0133,0.00145,0.0,,,,0.0217,0.00139,0.0,,,,0.0136,0.00186,0.0,-0.11900000000000001,0.00614,0.0,0.0199,0.00144,0.0,0.0298,0.0034799999999999996,0.0,,,,0.0304,0.00349,0.0,0.0113,0.00151,0.0,0.0303,0.00346,0.0,0.0199,0.00145,0.0,0.0282,0.0033799999999999998,0.0,-0.23,0.0035600000000000002,0.0,0.134,0.0070799999999999995,0.0,0.00428,0.0018800000000000002,0.0236,0.0452,0.0030800000000000003,0.0,,,,0.0459,0.0031100000000000004,0.0,-0.00413,0.00196,0.0362,0.0455,0.00307,0.0,0.00435,0.0018899999999999998,0.0221,0.0434,0.00303,0.0,0.00644,0.00173,0.000251,,,,0.0218,0.0013800000000000002,0.0,,,,,,,,,,0.0132,0.00145,0.0,,,,0.0217,0.00139,0.0,,,
8,m_2203820020_5,0.3353289682240648,0.3353289682240648,0.0,0.4595779259204991,-0.0057,0.0019100000000000002,0.00325,0.231,0.008459999999999999,0.0,0.0279,0.00105,0.0,-0.0245,0.00427,3.31e-08,,,,-0.0268,0.00426,1.82e-09,0.0252,0.0011,0.0,-0.0245,0.00427,3.35e-08,0.0275,0.0010400000000000001,0.0,-0.0187,0.004529999999999999,5.22e-05,0.0152,0.00322,4.65e-06,0.207,0.00847,0.0,0.0164,0.00139,0.0,-0.0115,0.00443,0.00985,,,,-0.0162,0.00443,0.000321,0.0138,0.00145,0.0,-0.0116,0.00443,0.00963,0.0176,0.00145,0.0,-0.00926,0.00455,0.0431,0.00292,0.00197,0.14,,,,0.0269,0.00107,0.0,,,,,,,,,,0.0243,0.0011099999999999999,0.0,,,,0.0268,0.00106,0.0,,,,-0.0069900000000000006,0.008870000000000001,0.43200000000000005,,,,-0.0069900000000000006,0.008870000000000001,0.43200000000000005,,,,0.00292,0.00197,0.14,,,,0.0233,0.00457,7.75e-07,,,,0.0233,0.00457,7.75e-07,,,,0.0269,0.00107,0.0,,,,,,,,,,,,,,,,,,,,,,0.0206,0.00458,1.17e-05,,,,0.0159,0.004379999999999999,0.000362,,,,0.0206,0.00458,1.17e-05,,,,0.0159,0.004379999999999999,0.000362,,,,0.0243,0.0011099999999999999,0.0,,,,0.0268,0.00106,0.0,,,,-0.00886,0.00224,0.000102,0.228,0.00867,0.0,0.0273,0.00114,0.0,-0.0245,0.00428,3.77e-08,,,,-0.0269,0.00425,1.6300000000000002e-09,0.0247,0.00119,0.0,-0.0245,0.00428,3.7999999999999996e-08,0.0268,0.00116,0.0,-0.0187,0.004529999999999999,5.28e-05,0.0119,0.00345,0.000692,0.204,0.008620000000000001,0.0,0.0159,0.00147,0.0,-0.0115,0.0044399999999999995,0.0101,,,,-0.0163,0.00442,0.000305,0.0134,0.0015300000000000001,0.0,-0.0116,0.0044399999999999995,0.009859999999999999,0.017,0.00155,0.0,-0.009309999999999999,0.00456,0.0423,-0.000597,0.00233,0.7979999999999999,,,,0.0263,0.00116,0.0,,,,,,,,,,0.0237,0.0012,0.0,,,,0.0261,0.00118,0.0,,,
9,m_2219897040_1,0.3205754761613217,0.3205754761613217,0.0,0.5140300836166576,0.109,0.00159,0.0,0.42100000000000004,0.0034700000000000004,0.0,0.11900000000000001,0.00107,0.0,-0.0141,0.00312,1.0800000000000002e-05,,,,-0.0196,0.00316,3.03e-09,0.13,0.00112,0.0,-0.0138,0.00314,1.75e-05,0.11900000000000001,0.00107,0.0,-0.0159,0.0031,7.39e-07,0.145,0.00164,0.0,0.384,0.00435,0.0,0.107,0.00125,0.0,-0.0010199999999999999,0.00318,0.7490000000000001,,,,-0.00671,0.00324,0.0395,0.11800000000000001,0.0012900000000000001,0.0,-0.0008,0.0031899999999999997,0.802,0.107,0.00125,0.0,-0.00285,0.00314,0.365,0.138,0.00155,0.0,,,,0.11800000000000001,0.00107,0.0,,,,,,,,,,0.129,0.0011300000000000001,0.0,,,,0.11800000000000001,0.00107,0.0,,,,0.11699999999999999,0.0049299999999999995,0.0,,,,0.11699999999999999,0.0049299999999999995,0.0,,,,0.138,0.00155,0.0,,,,0.114,0.00403,0.0,,,,0.114,0.00403,0.0,,,,0.11800000000000001,0.00107,0.0,,,,,,,,,,,,,,,,,,,,,,0.125,0.00405,0.0,,,,0.126,0.00336,0.0,,,,0.125,0.00405,0.0,,,,0.126,0.00336,0.0,,,,0.129,0.0011300000000000001,0.0,,,,0.11800000000000001,0.00107,0.0,,,,0.109,0.00162,0.0,0.42100000000000004,0.0034700000000000004,0.0,0.11900000000000001,0.00107,0.0,-0.0141,0.00312,1.0199999999999999e-05,,,,-0.0196,0.00316,3.04e-09,0.13,0.0011300000000000001,0.0,-0.0139,0.00313,1.55e-05,0.11900000000000001,0.00107,0.0,-0.0159,0.0031100000000000004,7.1e-07,0.145,0.0016600000000000002,0.0,0.384,0.00435,0.0,0.107,0.00125,0.0,-0.00105,0.00318,0.741,,,,-0.0067,0.00324,0.0397,0.11800000000000001,0.0013,0.0,-0.0008640000000000001,0.0031899999999999997,0.787,0.107,0.00125,0.0,-0.00288,0.00315,0.36,0.139,0.00159,0.0,,,,0.11800000000000001,0.00107,0.0,,,,,,,,,,0.129,0.00114,0.0,,,,0.11800000000000001,0.00107,0.0,,,
10,m_2223711020_3,0.195655876429308,0.3067312524205041,0.1110753759911194,0.5989857835731544,0.0168,0.0018100000000000002,0.0,-0.125,0.0019,0.0,-0.00913,0.0012699999999999999,0.0,0.0236,0.00144,0.0,,,,0.027,0.00143,0.0,-0.00643,0.00134,3.01e-06,0.0238,0.00143,0.0,-0.00916,0.0012699999999999999,0.0,0.0234,0.00145,0.0,0.0689,0.00221,0.0,-0.177,0.0021899999999999997,0.0,0.009059999999999999,0.00148,4.92e-09,0.00722,0.0013,8.060000000000001e-08,,,,0.00914,0.00128,0.0,0.0122,0.0015300000000000001,0.0,0.00733,0.0013,5.48e-08,0.00922,0.00146,1.75e-09,0.0068,0.0013,4.19e-07,-0.0565,0.0207,0.00688,,,,-0.0015199999999999999,0.0138,0.912,,,,,,,,,,0.0011099999999999999,0.0137,0.935,,,,-0.0221,0.0103,0.0336,,,,-0.10099999999999999,0.0156,7.93e-10,,,,-0.0847,0.0178,3.84e-06,,,,-0.0244,0.0144,0.0928,,,,-0.0879,0.0142,3.5399999999999998e-09,,,,-0.069,0.0168,5.5799999999999994e-05,,,,-0.0015199999999999999,0.0138,0.912,,,,,,,,,,,,,,,,,,,,,,-0.0851,0.0142,9.39e-09,,,,-0.0341,0.0116,0.0037600000000000003,,,,-0.0663,0.0167,0.00010400000000000001,,,,-0.0348,0.0122,0.0049700000000000005,,,,0.0011099999999999999,0.0137,0.935,,,,-0.0221,0.0103,0.0336,,,,0.0166,0.00187,0.0,-0.125,0.0019,0.0,-0.009340000000000001,0.00131,0.0,0.0237,0.00144,0.0,,,,0.027,0.00143,0.0,-0.0067,0.0013800000000000002,2.24e-06,0.0239,0.00144,0.0,-0.00932,0.0012900000000000001,0.0,0.0234,0.00145,0.0,0.0688,0.0022600000000000003,0.0,-0.177,0.0021899999999999997,0.0,0.00889,0.0015199999999999999,1.93e-08,0.0072900000000000005,0.0013,6.2e-08,,,,0.00913,0.00128,0.0,0.0119,0.00156,0.0,0.007379999999999999,0.0013,4.38e-08,0.00908,0.00149,5.2900000000000006e-09,0.00686,0.0013,3.35e-07,-0.0476,0.0209,0.0241,,,,-0.0036299999999999995,0.0136,0.79,,,,,,,,,,-0.0008900000000000001,0.0136,0.948,,,,-0.0241,0.0106,0.0233,,,
11,m_2614332020_2,0.2368360557853932,0.2368360557853932,0.0,0.4498954939191788,0.0669,0.005,0.0,-1.5019999999999998,0.0184,0.0,0.0118,0.00176,2.24e-10,-0.0102,0.0103,0.324,,,,-0.00838,0.0102,0.414,0.0181,0.00196,0.0,-0.0095,0.0103,0.35600000000000004,0.0123,0.00176,0.0,-0.0115,0.0102,0.261,-0.0371,0.005370000000000001,5.6799999999999994e-11,-1.396,0.0187,0.0,0.0128,0.0018100000000000002,0.0,-0.0113,0.0103,0.275,,,,-0.00958,0.0103,0.353,0.0191,0.00199,0.0,-0.0107,0.0103,0.303,0.013,0.00179,0.0,-0.0122,0.0103,0.23600000000000002,0.0217,0.004220000000000001,6.070000000000001e-07,,,,0.0115,0.0017100000000000001,1.99e-10,,,,,,,,,,0.0179,0.0019199999999999998,0.0,,,,0.012,0.0017100000000000001,0.0,,,,0.0604,0.0151,9.300000000000001e-05,,,,0.0604,0.0151,9.300000000000001e-05,,,,0.0217,0.004220000000000001,6.070000000000001e-07,,,,0.0171,0.0045899999999999995,0.00025499999999999996,,,,0.0171,0.0045899999999999995,0.00025499999999999996,,,,0.0115,0.0017100000000000001,1.99e-10,,,,,,,,,,,,,,,,,,,,,,0.0234,0.0046700000000000005,1.17e-06,,,,0.0264,0.0048200000000000005,1.32e-07,,,,0.0234,0.0046700000000000005,1.17e-06,,,,0.0264,0.0048200000000000005,1.32e-07,,,,0.0179,0.0019199999999999998,0.0,,,,0.012,0.0017100000000000001,0.0,,,,0.0633,0.00586,0.0,-1.5019999999999998,0.0183,0.0,0.0111,0.0018,3.16e-09,-0.009729999999999999,0.0103,0.34600000000000003,,,,-0.00797,0.0102,0.43700000000000006,0.0175,0.00199,0.0,-0.00907,0.0103,0.37799999999999995,0.0118,0.0017800000000000001,2.69e-10,-0.0111,0.0102,0.28,-0.0408,0.00618,3.58e-10,-1.3969999999999998,0.0186,0.0,0.0121,0.0018399999999999998,3.44e-10,-0.0109,0.0104,0.295,,,,-0.00915,0.0103,0.376,0.0185,0.00201,0.0,-0.0102,0.0103,0.324,0.0124,0.0018100000000000002,7.99e-11,-0.0118,0.0103,0.255,0.0182,0.00528,0.000669,,,,0.0109,0.00175,2.7699999999999997e-09,,,,,,,,,,0.0173,0.0019399999999999999,0.0,,,,0.0115,0.00173,2.69e-10,,,
12,m_2614332020_3,0.26859166314716515,0.26859166314716515,0.0,0.6420277644087564,-0.203,0.00821,0.0,0.248,0.0417,1.22e-08,0.0135,0.0036200000000000004,0.000246,0.0579,0.0147,0.00011,,,,0.0611,0.0149,5.920000000000001e-05,0.0221,0.0039,4.95e-08,0.0579,0.0147,0.00011100000000000001,0.0123,0.0036299999999999995,0.0008269999999999999,0.0491,0.0162,0.00277,-0.41700000000000004,0.009770000000000001,0.0,0.461,0.0418,0.0,-0.0149,0.0038299999999999996,0.00013700000000000002,0.091,0.0153,1.07e-08,,,,0.0952,0.0155,4.52e-09,-0.00635,0.00414,0.126,0.0908,0.0153,1.1499999999999999e-08,-0.0156,0.00386,7.929999999999999e-05,0.0816,0.0168,2.51e-06,-0.19399999999999998,0.007940000000000001,0.0,,,,0.0156,0.00366,2.8699999999999996e-05,,,,,,,,,,0.0242,0.00391,3.2899999999999996e-09,,,,0.0141,0.00365,0.00015,,,,-0.273,0.0218,0.0,,,,-0.273,0.0218,0.0,,,,-0.19399999999999998,0.007940000000000001,0.0,,,,0.0071400000000000005,0.00965,0.46,,,,0.0071400000000000005,0.00965,0.46,,,,0.0156,0.00366,2.8699999999999996e-05,,,,,,,,,,,,,,,,,,,,,,0.0154,0.0099,0.12300000000000001,,,,0.032,0.00923,0.000648,,,,0.0154,0.0099,0.12300000000000001,,,,0.032,0.00923,0.000648,,,,0.0242,0.00391,3.2899999999999996e-09,,,,0.0141,0.00365,0.00015,,,,-0.203,0.008409999999999999,0.0,0.248,0.0417,1.2099999999999999e-08,0.0132,0.0037,0.000436,0.0579,0.0147,0.00011,,,,0.061,0.0149,5.96e-05,0.0219,0.0039700000000000004,1.04e-07,0.0579,0.0147,0.00011100000000000001,0.012,0.0037,0.00137,0.0492,0.0162,0.0027600000000000003,-0.418,0.009940000000000001,0.0,0.461,0.0418,0.0,-0.0152,0.00389,0.000126,0.0911,0.0153,1.06e-08,,,,0.0952,0.0155,4.55e-09,-0.006529999999999999,0.0042,0.122,0.0908,0.0153,1.1499999999999999e-08,-0.0159,0.00391,7.01e-05,0.0816,0.0168,2.49e-06,-0.195,0.00815,0.0,,,,0.0153,0.00373,5.6000000000000006e-05,,,,,,,,,,0.024,0.00399,7.53e-09,,,,0.0138,0.00372,0.000269,,,
13,m_2614332020_4,0.28699944917339504,0.28699944917339504,0.0,0.7268052910400736,-0.0447,0.004,0.0,0.21,0.0155,0.0,-0.00687,0.00235,0.00389,0.067,0.0040100000000000005,0.0,,,,0.0667,0.00402,0.0,-0.00391,0.00252,0.122,0.0669,0.0040100000000000005,0.0,-0.0067,0.0023,0.0039,0.0658,0.004070000000000001,0.0,-0.135,0.00782,0.0,0.303,0.0202,0.0,-0.014,0.00243,2.67e-08,0.074,0.00402,0.0,,,,0.0736,0.00403,0.0,-0.0111,0.00259,2.9299999999999997e-05,0.0739,0.00402,0.0,-0.0136,0.00236,2.94e-08,0.0727,0.00411,0.0,0.00873,0.00297,0.0037,,,,0.00972,0.00246,0.00011,,,,,,,,,,0.0126,0.00267,4.06e-06,,,,0.00953,0.00245,0.000136,,,,-0.024,0.0129,0.0629,,,,-0.024,0.0129,0.0629,,,,0.00873,0.00297,0.0037,,,,-0.00405,0.00873,0.643,,,,-0.00405,0.00873,0.643,,,,0.00972,0.00246,0.00011,,,,,,,,,,,,,,,,,,,,,,-0.0011300000000000001,0.00885,0.898,,,,0.0255,0.009290000000000001,0.006690000000000001,,,,-0.0011300000000000001,0.00885,0.898,,,,0.0255,0.009290000000000001,0.006690000000000001,,,,0.0126,0.00267,4.06e-06,,,,0.00953,0.00245,0.000136,,,,-0.0484,0.00519,0.0,0.21,0.0154,0.0,-0.0073,0.00236,0.0022600000000000003,0.0668,0.00402,0.0,,,,0.0665,0.00403,0.0,-0.00436,0.0025399999999999997,0.0871,0.0667,0.0040100000000000005,0.0,-0.007370000000000001,0.00234,0.0018800000000000002,0.0656,0.004079999999999999,0.0,-0.139,0.00815,0.0,0.303,0.0201,0.0,-0.0144,0.00243,1.23e-08,0.0738,0.00403,0.0,,,,0.0734,0.00404,0.0,-0.0115,0.0026,1.62e-05,0.0737,0.00403,0.0,-0.0143,0.0024,1.27e-08,0.0725,0.00412,0.0,0.00505,0.00472,0.287,,,,0.00923,0.00247,0.00024700000000000004,,,,,,,,,,0.0121,0.0026899999999999997,1.0300000000000001e-05,,,,0.0088,0.00248,0.000488,,,
14,m_2641303020_1,0.2155821024383998,0.2059678773964513,-0.009614225042269154,0.4976751769657617,0.0104,0.00278,0.00025,0.29100000000000004,0.006670000000000001,0.0,0.0747,0.0017699999999999999,0.0,-0.0298,0.0027600000000000003,0.0,,,,-0.0205,0.0028699999999999997,0.0,0.0705,0.00187,0.0,-0.0225,0.00278,0.0,0.0749,0.0017699999999999999,0.0,-0.0296,0.00282,0.0,-0.0332,0.004520000000000001,0.0,0.31,0.0072900000000000005,0.0,0.0773,0.0019199999999999998,0.0,-0.0312,0.0028399999999999996,0.0,,,,-0.0239,0.0029100000000000003,0.0,0.0767,0.00199,0.0,-0.0257,0.0028399999999999996,0.0,0.0777,0.0019199999999999998,0.0,-0.0312,0.0029100000000000003,0.0,0.0494,0.00907,1.45e-07,,,,0.074,0.0035299999999999997,0.0,,,,,,,,,,0.0708,0.00358,0.0,,,,0.0716,0.00285,0.0,,,,0.0104,0.0217,0.632,,,,0.000147,0.0184,0.9940000000000001,,,,0.07,0.0069099999999999995,0.0,,,,0.062,0.00892,0.0,,,,0.0575,0.00716,0.0,,,,0.074,0.0035299999999999997,0.0,,,,,,,,,,,,,,,,,,,,,,0.0583,0.00893,5.269999999999999e-10,,,,0.0547,0.0072900000000000005,0.0,,,,0.0539,0.00717,0.0,,,,0.0559,0.00645,0.0,,,,0.0708,0.00358,0.0,,,,0.0716,0.00285,0.0,,,,0.0102,0.00281,0.000368,0.29100000000000004,0.006659999999999999,0.0,0.0747,0.0017800000000000001,0.0,-0.0298,0.00277,0.0,,,,-0.0206,0.00288,0.0,0.0705,0.0018800000000000002,0.0,-0.0225,0.00279,0.0,0.075,0.00179,0.0,-0.0297,0.0028399999999999996,0.0,-0.0335,0.00455,0.0,0.31,0.0072900000000000005,0.0,0.0775,0.00193,0.0,-0.0313,0.00285,0.0,,,,-0.024,0.0029100000000000003,0.0,0.0768,0.002,0.0,-0.0257,0.00285,0.0,0.0779,0.0019199999999999998,0.0,-0.0312,0.00292,0.0,0.0498,0.00909,1.28e-07,,,,0.074,0.0035299999999999997,0.0,,,,,,,,,,0.0709,0.00358,0.0,,,,0.0716,0.00286,0.0,,,
15,m_2641303020_11,0.3987899977614501,0.3987899977614501,0.0,0.5453815089074275,0.113,0.0135,0.0,-1.25,0.0217,0.0,0.0439,0.00396,0.0,0.0267,0.0118,0.0251,,,,0.0266,0.0119,0.0264,0.045,0.0041,0.0,0.0268,0.0118,0.0247,0.0453,0.00398,0.0,0.0184,0.0122,0.133,0.0317,0.0163,0.0538,-1.159,0.0276,0.0,0.0492,0.00442,0.0,0.0208,0.0121,0.0873,,,,0.0204,0.0122,0.0961,0.0504,0.00456,0.0,0.0208,0.0121,0.0863,0.0499,0.004520000000000001,0.0,0.0129,0.0124,0.297,0.06,0.0137,1.93e-05,,,,0.045,0.0038200000000000005,0.0,,,,,,,,,,0.0461,0.00396,0.0,,,,0.0461,0.00381,0.0,,,,0.163,0.0351,6.46e-06,,,,0.163,0.0351,6.46e-06,,,,0.06,0.0137,1.93e-05,,,,0.0596,0.00811,0.0,,,,0.0596,0.00811,0.0,,,,0.045,0.0038200000000000005,0.0,,,,,,,,,,,,,,,,,,,,,,0.0608,0.00823,0.0,,,,0.0705,0.0102,7.8e-11,,,,0.0608,0.00823,0.0,,,,0.0705,0.0102,7.8e-11,,,,0.0461,0.00396,0.0,,,,0.0461,0.00381,0.0,,,,0.11199999999999999,0.0136,0.0,-1.25,0.0216,0.0,0.0439,0.00399,0.0,0.0266,0.0118,0.0257,,,,0.0266,0.0119,0.0265,0.045,0.00413,0.0,0.0267,0.0118,0.0253,0.0454,0.00402,0.0,0.0183,0.0122,0.134,0.0307,0.0165,0.0639,-1.16,0.0276,0.0,0.0493,0.00447,0.0,0.0207,0.0121,0.0893,,,,0.0203,0.0122,0.0966,0.0504,0.00461,0.0,0.0207,0.0121,0.0881,0.0501,0.00456,0.0,0.0128,0.0124,0.302,0.0592,0.0138,2.8300000000000003e-05,,,,0.0451,0.00385,0.0,,,,,,,,,,0.0462,0.00398,0.0,,,,0.0462,0.00385,0.0,,,
16,m_2641303020_12,0.4471026338473725,0.4471026338473725,0.0,0.7819124138583723,0.0518,0.00405,0.0,-0.129,0.0111,0.0,0.0312,0.0019199999999999998,0.0,0.0167,0.00281,1.03e-08,,,,0.0165,0.0028399999999999996,2.19e-08,0.0249,0.0021,0.0,0.0176,0.00281,2.42e-09,0.0303,0.0019399999999999999,0.0,0.0201,0.00293,8.4e-11,0.0488,0.0050100000000000006,0.0,-0.126,0.0121,0.0,0.0315,0.00252,0.0,0.0165,0.00344,3.08e-06,,,,0.0158,0.00346,8.66e-06,0.0251,0.00266,0.0,0.0173,0.00345,1.18e-06,0.0314,0.00255,0.0,0.019,0.00349,1.58e-07,0.0269,0.00317,0.0,,,,0.0351,0.00173,0.0,,,,,,,,,,0.029,0.0018800000000000002,0.0,,,,0.035,0.0017399999999999998,0.0,,,,-0.007509999999999999,0.0123,0.5429999999999999,,,,-0.007509999999999999,0.0123,0.5429999999999999,,,,0.0269,0.00317,0.0,,,,0.0269,0.00473,4.38e-08,,,,0.0269,0.00473,4.38e-08,,,,0.0351,0.00173,0.0,,,,,,,,,,,,,,,,,,,,,,0.0207,0.00475,2.09e-05,,,,0.042,0.006,0.0,,,,0.0207,0.00475,2.09e-05,,,,0.042,0.006,0.0,,,,0.029,0.0018800000000000002,0.0,,,,0.035,0.0017399999999999998,0.0,,,,0.052,0.00406,0.0,-0.129,0.0111,0.0,0.0314,0.00193,0.0,0.0167,0.00281,1.26e-08,,,,0.0165,0.0028399999999999996,2.44e-08,0.025,0.0021100000000000003,0.0,0.0175,0.00282,2.92e-09,0.0304,0.00195,0.0,0.02,0.00294,9.52e-11,0.0491,0.00506,0.0,-0.126,0.0121,0.0,0.0316,0.00255,0.0,0.0164,0.00345,3.65e-06,,,,0.0158,0.0034700000000000004,9.59e-06,0.0253,0.0026899999999999997,0.0,0.0172,0.00346,1.39e-06,0.0314,0.00257,0.0,0.0189,0.0035,1.73e-07,0.027,0.00317,0.0,,,,0.0352,0.0017399999999999998,0.0,,,,,,,,,,0.0292,0.0019,0.0,,,,0.0351,0.00175,0.0,,,
17,m_2641303020_5,0.24233635580808435,0.24233635580808435,-2.251515105825809e-18,0.5990555398115643,-0.0916,0.00206,0.0,0.28600000000000003,0.0036799999999999997,0.0,0.0358,0.00126,0.0,-0.0318,0.00146,0.0,,,,-0.0319,0.00147,0.0,0.0347,0.0012900000000000001,0.0,-0.0318,0.00146,0.0,0.0362,0.00124,0.0,-0.0333,0.0015,0.0,-0.1,0.00251,0.0,0.295,0.00418,0.0,0.0248,0.00122,0.0,-0.02,0.0015,0.0,,,,-0.02,0.00151,0.0,0.0237,0.00126,0.0,-0.02,0.0015,0.0,0.0248,0.0012,0.0,-0.0212,0.0015300000000000001,0.0,0.0104,0.00176,1.3400000000000001e-08,,,,0.0247,0.0013,0.0,,,,,,,,,,0.0236,0.00137,0.0,,,,0.0245,0.0013,0.0,,,,0.0238,0.0109,0.0303,,,,0.0238,0.0109,0.0303,,,,0.0104,0.00176,1.3400000000000001e-08,,,,0.0225,0.00777,0.00417,,,,0.0225,0.00777,0.00417,,,,0.0247,0.0013,0.0,,,,,,,,,,,,,,,,,,,,,,0.0213,0.0078,0.00675,,,,0.0324,0.0069700000000000005,6.09e-06,,,,0.0213,0.0078,0.00675,,,,0.0324,0.0069700000000000005,6.09e-06,,,,0.0236,0.00137,0.0,,,,0.0245,0.0013,0.0,,,,-0.0916,0.0020800000000000003,0.0,0.28600000000000003,0.0036799999999999997,0.0,0.0357,0.00126,0.0,-0.0318,0.00146,0.0,,,,-0.032,0.00147,0.0,0.0347,0.0013,0.0,-0.0319,0.00147,0.0,0.0361,0.00125,0.0,-0.0334,0.0015,0.0,-0.1,0.00252,0.0,0.295,0.00418,0.0,0.0247,0.00123,0.0,-0.02,0.0015,0.0,,,,-0.0201,0.00151,0.0,0.0236,0.0012699999999999999,0.0,-0.0201,0.0015,0.0,0.0247,0.0012,0.0,-0.0213,0.0015300000000000001,0.0,0.0104,0.0017699999999999999,1.6799999999999998e-08,,,,0.0246,0.00131,0.0,,,,,,,,,,0.0235,0.0013800000000000002,0.0,,,,0.0244,0.00131,0.0,,,
18,m_2641303020_7,0.2573469637145676,0.2573469637145676,0.0,0.5340634112089954,-0.0028,0.0015300000000000001,0.0683,0.207,0.00414,0.0,0.028,0.0009960000000000001,0.0,0.0323,0.00203,0.0,,,,0.0321,0.00203,0.0,0.0298,0.00103,0.0,0.0323,0.0020399999999999997,0.0,0.028,0.000995,0.0,0.0322,0.002,0.0,0.0644,0.00209,0.0,0.138,0.0045,0.0,0.0274,0.00118,0.0,0.0329,0.00217,0.0,,,,0.0326,0.00217,0.0,0.0291,0.0012,0.0,0.0329,0.00217,0.0,0.0273,0.00118,0.0,0.0328,0.00214,0.0,0.0552,0.00137,0.0,,,,0.0373,0.00123,0.0,,,,,,,,,,0.0392,0.00121,0.0,,,,0.0373,0.00123,0.0,,,,0.0451,0.0041600000000000005,0.0,,,,0.0451,0.0041600000000000005,0.0,,,,0.0552,0.00137,0.0,,,,0.0264,0.0027300000000000002,0.0,,,,0.0264,0.0027300000000000002,0.0,,,,0.0373,0.00123,0.0,,,,,,,,,,,,,,,,,,,,,,0.0282,0.0027199999999999998,0.0,,,,0.0106,0.00425,0.0131,,,,0.0282,0.0027199999999999998,0.0,,,,0.0106,0.00425,0.0131,,,,0.0392,0.00121,0.0,,,,0.0373,0.00123,0.0,,,,-0.0028399999999999996,0.0015300000000000001,0.0648,0.207,0.00414,0.0,0.028,0.001,0.0,0.0322,0.00203,0.0,,,,0.032,0.00202,0.0,0.0297,0.00103,0.0,0.0323,0.00203,0.0,0.0279,0.001,0.0,0.0321,0.002,0.0,0.0644,0.0021,0.0,0.138,0.0045,0.0,0.0273,0.00119,0.0,0.0328,0.00216,0.0,,,,0.0326,0.00216,0.0,0.0291,0.00121,0.0,0.0329,0.00217,0.0,0.0273,0.00119,0.0,0.0327,0.00214,0.0,0.0551,0.00137,0.0,,,,0.0373,0.00123,0.0,,,,,,,,,,0.0391,0.00121,0.0,,,,0.0373,0.00124,0.0,,,
19,m_2655951020_1,0.5511366914278848,0.5581758279097522,0.007039136482336706,0.6486751780730827,0.00685,0.00255,0.007859999999999999,0.0442,0.00147,0.0,0.0172,0.00251,9.02e-11,-0.00126,0.000889,0.159,,,,-0.0012699999999999999,0.000889,0.154,0.0176,0.00266,3.03e-10,-0.00126,0.000889,0.157,0.0172,0.00251,8.56e-11,-0.0011300000000000001,0.000889,0.204,-0.0452,0.00303,0.0,0.0966,0.00278,0.0,0.0179,0.00293,5.589999999999999e-09,-0.00193,0.0014199999999999998,0.17600000000000002,,,,-0.00212,0.0014199999999999998,0.138,0.0183,0.00307,1.1000000000000001e-08,-0.00193,0.0014199999999999998,0.177,0.0178,0.00292,5.390000000000001e-09,-0.00173,0.00144,0.231,-0.0241,0.0112,0.0326,,,,0.024,0.00446,1.94e-07,,,,,,,,,,0.0245,0.0046,2.72e-07,,,,0.0236,0.0037,1.1e-09,,,,0.0794,0.0262,0.0028,,,,0.0426,0.0205,0.0389,,,,0.0245,0.00446,1.1900000000000001e-07,,,,0.0799,0.0259,0.00235,,,,0.0437,0.0201,0.0312,,,,0.024,0.00446,1.94e-07,,,,,,,,,,,,,,,,,,,,,,0.0803,0.026,0.0023,,,,0.0769,0.0256,0.00297,,,,0.0441,0.0202,0.0299,,,,0.0429,0.0182,0.0193,,,,0.0245,0.0046,2.72e-07,,,,0.0236,0.0037,1.1e-09,,,,0.0034200000000000003,0.0033,0.301,0.0442,0.00147,0.0,0.0172,0.00255,1.5e-10,-0.00125,0.0008900000000000001,0.16,,,,-0.0012699999999999999,0.0008900000000000001,0.155,0.0176,0.0027,4.97e-10,-0.00126,0.0008900000000000001,0.158,0.0171,0.00255,1.95e-10,-0.0011300000000000001,0.000889,0.205,-0.0487,0.0036299999999999995,0.0,0.0966,0.00278,0.0,0.0179,0.00296,7.2e-09,-0.00198,0.0014199999999999998,0.166,,,,-0.00217,0.0014199999999999998,0.129,0.0183,0.0031,1.42e-08,-0.00197,0.0014199999999999998,0.16699999999999998,0.0177,0.00295,8.68e-09,-0.0017699999999999999,0.00144,0.22,-0.0267,0.0113,0.0193,,,,0.0241,0.00449,2.15e-07,,,,,,,,,,0.0245,0.00463,3e-07,,,,0.0235,0.0036899999999999997,1.3e-09,,,
20,m_2655951020_2,0.2368360557853932,0.2368360557853932,0.0,0.4498954939191788,0.0669,0.005,0.0,-1.5019999999999998,0.0184,0.0,0.0118,0.00176,2.24e-10,-0.0102,0.0103,0.324,,,,-0.00838,0.0102,0.414,0.0181,0.00196,0.0,-0.0095,0.0103,0.35600000000000004,0.0123,0.00176,0.0,-0.0115,0.0102,0.261,-0.0371,0.005370000000000001,5.6799999999999994e-11,-1.396,0.0187,0.0,0.0128,0.0018100000000000002,0.0,-0.0113,0.0103,0.275,,,,-0.00958,0.0103,0.353,0.0191,0.00199,0.0,-0.0107,0.0103,0.303,0.013,0.00179,0.0,-0.0122,0.0103,0.23600000000000002,0.0217,0.004220000000000001,6.070000000000001e-07,,,,0.0115,0.0017100000000000001,1.99e-10,,,,,,,,,,0.0179,0.0019199999999999998,0.0,,,,0.012,0.0017100000000000001,0.0,,,,0.0604,0.0151,9.300000000000001e-05,,,,0.0604,0.0151,9.300000000000001e-05,,,,0.0217,0.004220000000000001,6.070000000000001e-07,,,,0.0171,0.0045899999999999995,0.00025499999999999996,,,,0.0171,0.0045899999999999995,0.00025499999999999996,,,,0.0115,0.0017100000000000001,1.99e-10,,,,,,,,,,,,,,,,,,,,,,0.0234,0.0046700000000000005,1.17e-06,,,,0.0264,0.0048200000000000005,1.32e-07,,,,0.0234,0.0046700000000000005,1.17e-06,,,,0.0264,0.0048200000000000005,1.32e-07,,,,0.0179,0.0019199999999999998,0.0,,,,0.012,0.0017100000000000001,0.0,,,,0.0633,0.00586,0.0,-1.5019999999999998,0.0183,0.0,0.0111,0.0018,3.16e-09,-0.009729999999999999,0.0103,0.34600000000000003,,,,-0.00797,0.0102,0.43700000000000006,0.0175,0.00199,0.0,-0.00907,0.0103,0.37799999999999995,0.0118,0.0017800000000000001,2.69e-10,-0.0111,0.0102,0.28,-0.0408,0.00618,3.58e-10,-1.3969999999999998,0.0186,0.0,0.0121,0.0018399999999999998,3.44e-10,-0.0109,0.0104,0.295,,,,-0.00915,0.0103,0.376,0.0185,0.00201,0.0,-0.0102,0.0103,0.324,0.0124,0.0018100000000000002,7.99e-11,-0.0118,0.0103,0.255,0.0182,0.00528,0.000669,,,,0.0109,0.00175,2.7699999999999997e-09,,,,,,,,,,0.0173,0.0019399999999999999,0.0,,,,0.0115,0.00173,2.69e-10,,,
21,m_2655951020_3,0.26859166314716515,0.26859166314716515,0.0,0.6420277644087564,-0.203,0.00821,0.0,0.248,0.0417,1.22e-08,0.0135,0.0036200000000000004,0.000246,0.0579,0.0147,0.00011,,,,0.0611,0.0149,5.920000000000001e-05,0.0221,0.0039,4.95e-08,0.0579,0.0147,0.00011100000000000001,0.0123,0.0036299999999999995,0.0008269999999999999,0.0491,0.0162,0.00277,-0.41700000000000004,0.009770000000000001,0.0,0.461,0.0418,0.0,-0.0149,0.0038299999999999996,0.00013700000000000002,0.091,0.0153,1.07e-08,,,,0.0952,0.0155,4.52e-09,-0.00635,0.00414,0.126,0.0908,0.0153,1.1499999999999999e-08,-0.0156,0.00386,7.929999999999999e-05,0.0816,0.0168,2.51e-06,-0.19399999999999998,0.007940000000000001,0.0,,,,0.0156,0.00366,2.8699999999999996e-05,,,,,,,,,,0.0242,0.00391,3.2899999999999996e-09,,,,0.0141,0.00365,0.00015,,,,-0.273,0.0218,0.0,,,,-0.273,0.0218,0.0,,,,-0.19399999999999998,0.007940000000000001,0.0,,,,0.0071400000000000005,0.00965,0.46,,,,0.0071400000000000005,0.00965,0.46,,,,0.0156,0.00366,2.8699999999999996e-05,,,,,,,,,,,,,,,,,,,,,,0.0154,0.0099,0.12300000000000001,,,,0.032,0.00923,0.000648,,,,0.0154,0.0099,0.12300000000000001,,,,0.032,0.00923,0.000648,,,,0.0242,0.00391,3.2899999999999996e-09,,,,0.0141,0.00365,0.00015,,,,-0.203,0.008409999999999999,0.0,0.248,0.0417,1.2099999999999999e-08,0.0132,0.0037,0.000436,0.0579,0.0147,0.00011,,,,0.061,0.0149,5.96e-05,0.0219,0.0039700000000000004,1.04e-07,0.0579,0.0147,0.00011100000000000001,0.012,0.0037,0.00137,0.0492,0.0162,0.0027600000000000003,-0.418,0.009940000000000001,0.0,0.461,0.0418,0.0,-0.0152,0.00389,0.000126,0.0911,0.0153,1.06e-08,,,,0.0952,0.0155,4.55e-09,-0.006529999999999999,0.0042,0.122,0.0908,0.0153,1.1499999999999999e-08,-0.0159,0.00391,7.01e-05,0.0816,0.0168,2.49e-06,-0.195,0.00815,0.0,,,,0.0153,0.00373,5.6000000000000006e-05,,,,,,,,,,0.024,0.00399,7.53e-09,,,,0.0138,0.00372,0.000269,,,
22,m_2655951020_4,0.2861991242907956,0.2861991242907956,0.0,0.7268052910400736,-0.0459,0.004070000000000001,0.0,0.213,0.0158,0.0,-0.0069,0.00235,0.00365,0.0668,0.004,0.0,,,,0.0665,0.00402,0.0,-0.00399,0.00252,0.114,0.0667,0.004,0.0,-0.00675,0.00229,0.00358,0.0656,0.004070000000000001,0.0,-0.13699999999999998,0.00799,0.0,0.307,0.0206,0.0,-0.014,0.00242,3.0499999999999995e-08,0.0737,0.0040100000000000005,0.0,,,,0.0734,0.00402,0.0,-0.011,0.00259,3.04e-05,0.0736,0.0040100000000000005,0.0,-0.0136,0.00235,2.96e-08,0.0725,0.00411,0.0,0.00828,0.00297,0.0057399999999999994,,,,0.0096,0.00246,0.00013000000000000002,,,,,,,,,,0.0125,0.00267,5.17e-06,,,,0.00942,0.00245,0.00015800000000000002,,,,-0.0236,0.0128,0.0665,,,,-0.0236,0.0128,0.0665,,,,0.00828,0.00297,0.0057399999999999994,,,,-0.00373,0.00864,0.6659999999999999,,,,-0.00373,0.00864,0.6659999999999999,,,,0.0096,0.00246,0.00013000000000000002,,,,,,,,,,,,,,,,,,,,,,-0.0008529999999999999,0.00875,0.922,,,,0.0246,0.00914,0.00762,,,,-0.0008529999999999999,0.00875,0.922,,,,0.0246,0.00914,0.00762,,,,0.0125,0.00267,5.17e-06,,,,0.00942,0.00245,0.00015800000000000002,,,,-0.0494,0.00524,0.0,0.213,0.0158,0.0,-0.00733,0.00236,0.00212,0.0666,0.0040100000000000005,0.0,,,,0.0664,0.00403,0.0,-0.00443,0.00253,0.0813,0.0665,0.0040100000000000005,0.0,-0.007409999999999999,0.00233,0.0017100000000000001,0.0654,0.004079999999999999,0.0,-0.141,0.00829,0.0,0.307,0.0206,0.0,-0.0144,0.00243,1.42e-08,0.0735,0.00402,0.0,,,,0.0732,0.00403,0.0,-0.0115,0.0026,1.6899999999999997e-05,0.0734,0.00402,0.0,-0.0142,0.0024,1.27e-08,0.0723,0.00411,0.0,0.00462,0.00473,0.32899999999999996,,,,0.00912,0.00247,0.00028700000000000004,,,,,,,,,,0.012,0.00268,1.29e-05,,,,0.0087,0.00248,0.0005610000000000001,,,
23,m_2735179020_13,0.2613578055570331,0.2613578055570331,0.0,0.3117650742583165,-0.284,0.00253,0.0,0.825,0.0037600000000000003,0.0,0.0051600000000000005,0.00182,0.00496,-0.0552,0.00156,0.0,,,,-0.0557,0.00155,0.0,0.00206,0.0018800000000000002,0.275,-0.0552,0.00155,0.0,0.00526,0.0018,0.0039,-0.0554,0.00156,0.0,-0.28300000000000003,0.00417,0.0,0.8240000000000001,0.0059299999999999995,0.0,-0.0017,0.00207,0.41100000000000003,-0.0481,0.00176,0.0,,,,-0.0494,0.0017399999999999998,0.0,-0.00476,0.00212,0.026,-0.0482,0.00175,0.0,-0.00134,0.00207,0.517,-0.0486,0.0017699999999999999,0.0,0.0063,0.0019399999999999999,0.0013800000000000002,,,,-0.0147,0.00157,0.0,,,,,,,,,,-0.0178,0.00165,0.0,,,,-0.0147,0.00156,0.0,,,,0.0176,0.0234,0.452,,,,0.0176,0.0234,0.452,,,,0.0063,0.0019399999999999999,0.0013800000000000002,,,,-0.0375,0.0122,0.00243,,,,-0.0375,0.0122,0.00243,,,,-0.0147,0.00157,0.0,,,,,,,,,,,,,,,,,,,,,,-0.0404,0.0123,0.00114,,,,0.00542,0.0144,0.706,,,,-0.0404,0.0123,0.00114,,,,0.00542,0.0144,0.706,,,,-0.0178,0.00165,0.0,,,,-0.0147,0.00156,0.0,,,,-0.284,0.00255,0.0,0.825,0.0037600000000000003,0.0,0.00515,0.00182,0.00511,-0.0552,0.00156,0.0,,,,-0.0557,0.00155,0.0,0.00206,0.0018800000000000002,0.276,-0.0552,0.00156,0.0,0.0053100000000000005,0.0018100000000000002,0.00366,-0.0553,0.00156,0.0,-0.28300000000000003,0.0041600000000000005,0.0,0.8240000000000001,0.0059299999999999995,0.0,-0.0017,0.00207,0.41200000000000003,-0.0481,0.00176,0.0,,,,-0.0494,0.00175,0.0,-0.00475,0.00212,0.0263,-0.0482,0.00175,0.0,-0.00128,0.00207,0.539,-0.0486,0.0017699999999999999,0.0,0.00646,0.00199,0.00135,,,,-0.0147,0.00158,0.0,,,,,,,,,,-0.0178,0.00165,0.0,,,,-0.0146,0.00157,0.0,,,
24,m_2735179020_17,0.7568663927456935,0.7568663927456935,0.0,0.9169758796909004,0.0185,0.0031,9.429999999999999e-09,0.0251,0.00902,0.00581,0.0216,0.00196,0.0,0.01,0.00548,0.0691,,,,0.0111,0.0054600000000000004,0.0429,0.0229,0.00207,0.0,0.0101,0.00548,0.0656,0.0216,0.00195,0.0,0.00932,0.0054600000000000004,0.0891,0.0288,0.00579,1.36e-06,0.0147,0.0098,0.136,-0.074,0.00534,0.0,0.111,0.007790000000000001,0.0,,,,0.12300000000000001,0.0079,0.0,-0.0732,0.0054,0.0,0.111,0.0078,0.0,-0.0765,0.00535,0.0,0.11199999999999999,0.00762,0.0,0.0199,0.00294,1.29e-10,,,,0.0222,0.00186,0.0,,,,,,,,,,0.0235,0.00196,0.0,,,,0.0222,0.00185,0.0,,,,-0.0467,0.0325,0.153,,,,-0.0467,0.0325,0.153,,,,0.0199,0.00294,1.29e-10,,,,0.0354,0.02,0.0779,,,,0.0354,0.02,0.0779,,,,0.0222,0.00186,0.0,,,,,,,,,,,,,,,,,,,,,,0.037,0.0199,0.0653,,,,-0.0612,0.017,0.000405,,,,0.037,0.0199,0.0653,,,,-0.0612,0.017,0.000405,,,,0.0235,0.00196,0.0,,,,0.0222,0.00185,0.0,,,,0.0187,0.00312,8.199999999999999e-09,0.0251,0.009009999999999999,0.00591,0.0217,0.00196,0.0,0.00975,0.0055,0.0776,,,,0.0109,0.00547,0.0474,0.023,0.00207,0.0,0.009859999999999999,0.00549,0.0738,0.0218,0.00195,0.0,0.00913,0.0054600000000000004,0.0959,0.029,0.00579,1.22e-06,0.0146,0.0098,0.13699999999999998,-0.0739,0.00535,0.0,0.111,0.007809999999999999,0.0,,,,0.122,0.00792,0.0,-0.0731,0.00541,0.0,0.111,0.00782,0.0,-0.0763,0.005370000000000001,0.0,0.11199999999999999,0.00763,0.0,0.0201,0.00296,1.17e-10,,,,0.0223,0.00186,0.0,,,,,,,,,,0.0236,0.00196,0.0,,,,0.0223,0.00186,0.0,,,
25,m_2735179020_19,0.4283788008887645,0.4283788008887645,0.0,0.7582933947884009,-0.00857,0.00278,0.00229,-0.10800000000000001,0.00933,0.0,0.0153,0.00186,0.0,-0.27899999999999997,0.009590000000000001,0.0,,,,-0.272,0.00963,0.0,0.0194,0.00199,0.0,-0.278,0.009609999999999999,0.0,0.0157,0.00187,0.0,-0.278,0.00952,0.0,-0.779,0.0047,0.0,0.677,0.00928,0.0,0.0152,0.002,0.0,-0.27899999999999997,0.00923,0.0,,,,-0.27,0.00926,0.0,0.0197,0.0021100000000000003,0.0,-0.27899999999999997,0.00925,0.0,0.0176,0.00187,0.0,-0.28,0.00921,0.0,-0.0101,0.0027300000000000002,0.000271,,,,0.0104,0.0018100000000000002,3.87e-08,,,,,,,,,,0.0146,0.0019399999999999999,0.0,,,,0.0108,0.00183,1.25e-08,,,,0.0121,0.0115,0.295,,,,0.0121,0.0115,0.295,,,,-0.0101,0.0027300000000000002,0.000271,,,,0.00197,0.007640000000000001,0.797,,,,0.00197,0.007640000000000001,0.797,,,,0.0104,0.0018100000000000002,3.87e-08,,,,,,,,,,,,,,,,,,,,,,0.00628,0.00765,0.413,,,,0.0449,0.00541,0.0,,,,0.00628,0.00765,0.413,,,,0.0449,0.00541,0.0,,,,0.0146,0.0019399999999999999,0.0,,,,0.0108,0.00183,1.25e-08,,,,-0.00856,0.0028,0.0025399999999999997,-0.10800000000000001,0.009309999999999999,0.0,0.0152,0.00187,0.0,-0.27899999999999997,0.009609999999999999,0.0,,,,-0.272,0.00965,0.0,0.0193,0.002,0.0,-0.278,0.00963,0.0,0.0157,0.0018800000000000002,0.0,-0.278,0.00955,0.0,-0.779,0.00474,0.0,0.677,0.00927,0.0,0.0151,0.002,0.0,-0.27899999999999997,0.00925,0.0,,,,-0.27,0.009290000000000001,0.0,0.0196,0.0021100000000000003,0.0,-0.27899999999999997,0.00926,0.0,0.0176,0.0018800000000000002,0.0,-0.28,0.00924,0.0,-0.0101,0.0027600000000000003,0.000314,,,,0.0103,0.00182,5.12e-08,,,,,,,,,,0.0145,0.00195,0.0,,,,0.0108,0.00183,1.31e-08,,,
26,m_2735179020_23,0.1906022075151162,0.1906022075151162,0.0,0.6498573544653143,-0.11800000000000001,0.0042899999999999995,0.0,0.28800000000000003,0.00592,0.0,0.0431,0.00245,0.0,-0.11599999999999999,0.0033299999999999996,0.0,,,,-0.138,0.00359,0.0,0.0413,0.0024100000000000002,0.0,-0.115,0.0033299999999999996,0.0,0.0435,0.00244,0.0,-0.11599999999999999,0.00328,0.0,-0.207,0.00471,0.0,0.379,0.006509999999999999,0.0,0.0392,0.00249,0.0,-0.11199999999999999,0.00336,0.0,,,,-0.134,0.0036299999999999995,0.0,0.0374,0.00245,0.0,-0.111,0.00336,0.0,0.0398,0.00248,0.0,-0.11199999999999999,0.00331,0.0,0.0154,0.0034799999999999996,1.55e-05,,,,-0.0109,0.0021899999999999997,1.36e-06,,,,,,,,,,-0.0121,0.00218,8.7e-08,,,,-0.0107,0.0022,2.2e-06,,,,0.0301,0.0168,0.0747,,,,0.0301,0.0168,0.0747,,,,0.0154,0.0034799999999999996,1.55e-05,,,,-0.0446,0.0136,0.0012699999999999999,,,,-0.0446,0.0136,0.0012699999999999999,,,,-0.0109,0.0021899999999999997,1.36e-06,,,,,,,,,,,,,,,,,,,,,,-0.0455,0.0137,0.00101,,,,-0.0181,0.0128,0.157,,,,-0.0455,0.0137,0.00101,,,,-0.0181,0.0128,0.157,,,,-0.0121,0.00218,8.7e-08,,,,-0.0107,0.0022,2.2e-06,,,,-0.11800000000000001,0.0043,0.0,0.28800000000000003,0.00592,0.0,0.043,0.00245,0.0,-0.11599999999999999,0.0033,0.0,,,,-0.138,0.00358,0.0,0.0412,0.0024100000000000002,0.0,-0.115,0.0033,0.0,0.0435,0.00245,0.0,-0.11599999999999999,0.00325,0.0,-0.207,0.00472,0.0,0.379,0.006509999999999999,0.0,0.0391,0.00249,0.0,-0.111,0.0033399999999999997,0.0,,,,-0.134,0.00361,0.0,0.0373,0.00245,0.0,-0.111,0.0033399999999999997,0.0,0.0398,0.00248,0.0,-0.11199999999999999,0.00328,0.0,0.0154,0.0035,1.7199999999999998e-05,,,,-0.0109,0.0022,1.41e-06,,,,,,,,,,-0.0121,0.0022,1e-07,,,,-0.0107,0.00221,2.63e-06,,,
27,m_2735179020_24,0.3925331175320191,0.3925331175320191,3.5302672319831965e-19,0.7489287403400406,-0.0358,0.0035700000000000003,0.0,0.525,0.007559999999999999,0.0,-0.0376,0.00143,0.0,-0.0713,0.00842,0.0,,,,-0.059,0.00842,0.0,-0.0425,0.00139,0.0,-0.0718,0.008409999999999999,0.0,-0.0377,0.00143,0.0,-0.0715,0.00839,0.0,-0.12,0.004070000000000001,0.0,0.605,0.00759,0.0,-0.027,0.00131,0.0,-0.0838,0.00859,0.0,,,,-0.0732,0.0086,0.0,-0.0322,0.0012699999999999999,0.0,-0.0842,0.008579999999999999,0.0,-0.027,0.00132,0.0,-0.0843,0.00855,0.0,-0.0297,0.0035700000000000003,0.0,,,,-0.0387,0.00146,0.0,,,,,,,,,,-0.0437,0.0014199999999999998,0.0,,,,-0.0388,0.00146,0.0,,,,-0.11699999999999999,0.0208,5.4500000000000005e-08,,,,-0.11699999999999999,0.0208,5.4500000000000005e-08,,,,-0.0297,0.0035700000000000003,0.0,,,,-0.0379,0.00875,2.27e-05,,,,-0.0379,0.00875,2.27e-05,,,,-0.0387,0.00146,0.0,,,,,,,,,,,,,,,,,,,,,,-0.0431,0.00875,1.75e-06,,,,-0.0381,0.00811,4.76e-06,,,,-0.0431,0.00875,1.75e-06,,,,-0.0381,0.00811,4.76e-06,,,,-0.0437,0.0014199999999999998,0.0,,,,-0.0388,0.00146,0.0,,,,-0.0356,0.0035600000000000002,0.0,0.525,0.007559999999999999,0.0,-0.0375,0.00143,0.0,-0.0712,0.00843,0.0,,,,-0.0591,0.00843,0.0,-0.0424,0.0014,0.0,-0.0717,0.00842,0.0,-0.0375,0.00144,0.0,-0.0714,0.00839,0.0,-0.12,0.00406,0.0,0.605,0.00758,0.0,-0.0269,0.00132,0.0,-0.0838,0.00859,0.0,,,,-0.0732,0.0086,0.0,-0.0321,0.0012699999999999999,0.0,-0.0841,0.008579999999999999,0.0,-0.0268,0.00133,0.0,-0.0842,0.00856,0.0,-0.0296,0.0035600000000000002,0.0,,,,-0.0386,0.00146,0.0,,,,,,,,,,-0.0435,0.0014199999999999998,0.0,,,,-0.0386,0.00146,0.0,,,
28,m_2735179020_28,0.16011131710084844,0.16011131710084844,0.0,0.734921505612687,0.0223,0.00292,0.0,-1.875,0.15,0.0,-0.0178,0.00212,0.0,-1.192,0.177,1.5e-10,,,,-1.197,0.175,8.85e-11,-0.0295,0.00228,0.0,-1.176,0.18100000000000002,5.83e-10,-0.0178,0.00213,0.0,-1.153,0.185,2.48e-09,0.0034700000000000004,0.00297,0.245,-1.857,0.151,0.0,-0.031,0.00225,0.0,-1.177,0.17600000000000002,2.37e-10,,,,-1.181,0.175,1.42e-10,-0.0429,0.0024100000000000002,0.0,-1.161,0.18100000000000002,9.1e-10,-0.0311,0.00225,0.0,-1.139,0.185,3.69e-09,0.0222,0.00292,0.0,,,,-0.0178,0.00213,0.0,,,,,,,,,,-0.0296,0.00228,0.0,,,,-0.0179,0.00213,0.0,,,,0.0802,0.0247,0.0013800000000000002,,,,0.0802,0.0247,0.0013800000000000002,,,,0.0222,0.00292,0.0,,,,-0.0929,0.0234,0.000101,,,,-0.0929,0.0234,0.000101,,,,-0.0178,0.00213,0.0,,,,,,,,,,,,,,,,,,,,,,-0.105,0.0235,1.3800000000000002e-05,,,,-0.0474,0.0193,0.0146,,,,-0.105,0.0235,1.3800000000000002e-05,,,,-0.0474,0.0193,0.0146,,,,-0.0296,0.00228,0.0,,,,-0.0179,0.00213,0.0,,,,0.0226,0.00288,0.0,-1.875,0.15,0.0,-0.0179,0.00214,0.0,-1.1909999999999998,0.177,1.5e-10,,,,-1.196,0.175,8.659999999999999e-11,-0.0297,0.0023,0.0,-1.175,0.18100000000000002,5.77e-10,-0.0179,0.00213,0.0,-1.153,0.185,2.48e-09,0.00374,0.00293,0.203,-1.857,0.15,0.0,-0.0311,0.0022600000000000003,0.0,-1.176,0.17600000000000002,2.37e-10,,,,-1.181,0.175,1.3899999999999999e-10,-0.043,0.00244,0.0,-1.16,0.18100000000000002,9e-10,-0.0312,0.0022600000000000003,0.0,-1.139,0.185,3.68e-09,0.0225,0.00288,0.0,,,,-0.0179,0.00214,0.0,,,,,,,,,,-0.0297,0.0023,0.0,,,,-0.018,0.00214,0.0,,,
29,m_2736521020_1,0.30029104769326553,0.30029104769326553,0.0,0.7298527814040688,-0.0061,0.0018399999999999998,0.00109,0.302,0.005379999999999999,0.0,0.0294,0.0016600000000000002,0.0,0.0248,0.00266,0.0,,,,0.0253,0.00265,0.0,0.0279,0.00168,0.0,0.025,0.00266,0.0,0.0304,0.0017,0.0,0.0244,0.00266,0.0,-0.0624,0.00249,0.0,0.361,0.00571,0.0,0.0182,0.00173,0.0,0.0365,0.00265,0.0,,,,0.0372,0.00265,0.0,0.0167,0.0017800000000000001,0.0,0.0366,0.00265,0.0,0.0203,0.0017800000000000001,0.0,0.035,0.00263,0.0,0.0202,0.00182,0.0,,,,0.0316,0.0016,0.0,,,,,,,,,,0.0302,0.00162,0.0,,,,0.0326,0.0016300000000000002,0.0,,,,-0.0304,0.0139,0.0304,,,,-0.0304,0.0139,0.0304,,,,0.0202,0.00182,0.0,,,,0.0119,0.0107,0.27,,,,0.0119,0.0107,0.27,,,,0.0316,0.0016,0.0,,,,,,,,,,,,,,,,,,,,,,0.0107,0.0108,0.325,,,,-0.0238,0.0106,0.0257,,,,0.0107,0.0108,0.325,,,,-0.0238,0.0106,0.0257,,,,0.0302,0.00162,0.0,,,,0.0326,0.0016300000000000002,0.0,,,,-0.00642,0.0019100000000000002,0.000949,0.302,0.005370000000000001,0.0,0.0293,0.0016899999999999999,0.0,0.0248,0.00266,0.0,,,,0.0253,0.00266,0.0,0.0279,0.0017100000000000001,0.0,0.0249,0.00266,0.0,0.0304,0.00172,0.0,0.0244,0.00266,0.0,-0.0627,0.00252,0.0,0.361,0.00571,0.0,0.0181,0.00176,0.0,0.0365,0.00265,0.0,,,,0.0371,0.00265,0.0,0.0166,0.0018100000000000002,0.0,0.0366,0.00265,0.0,0.0203,0.0018,0.0,0.035,0.00263,0.0,0.0199,0.0019,0.0,,,,0.0315,0.00162,0.0,,,,,,,,,,0.0301,0.00165,0.0,,,,0.0326,0.00165,0.0,,,
30,m_2736521020_2,0.4084501203907219,0.4084501203907219,0.0,0.9622153818010748,-0.18,0.0042,0.0,0.5579999999999999,0.0073,0.0,-0.007809999999999999,0.0016699999999999998,5.22e-06,0.0189,0.00199,0.0,,,,0.0225,0.00198,0.0,-0.00873,0.00175,1.29e-06,0.0187,0.00199,0.0,-0.007490000000000001,0.00168,1.39e-05,0.0189,0.00198,0.0,-0.0306,0.00562,1.51e-07,0.406,0.00762,0.0,-0.033,0.0029,0.0,0.0441,0.00305,0.0,,,,0.049,0.00301,0.0,-0.0345,0.00294,0.0,0.0444,0.00303,0.0,-0.032,0.00286,0.0,0.0435,0.00297,0.0,0.0319,0.00231,0.0,,,,-0.00047599999999999997,0.00132,0.718,,,,,,,,,,-0.00147,0.0014199999999999998,0.301,,,,-0.00015900000000000002,0.0013,0.902,,,,-0.0254,0.011,0.0217,,,,-0.0254,0.011,0.0217,,,,0.0319,0.00231,0.0,,,,-0.0264,0.00758,0.000609,,,,-0.0264,0.00758,0.000609,,,,-0.00047599999999999997,0.00132,0.718,,,,,,,,,,,,,,,,,,,,,,-0.028,0.00759,0.000296,,,,-0.0111,0.00536,0.0394,,,,-0.028,0.00759,0.000296,,,,-0.0111,0.00536,0.0394,,,,-0.00147,0.0014199999999999998,0.301,,,,-0.00015900000000000002,0.0013,0.902,,,,-0.18100000000000002,0.004229999999999999,0.0,0.5589999999999999,0.00731,0.0,-0.00796,0.00168,4.09e-06,0.019,0.00199,0.0,,,,0.0226,0.00198,0.0,-0.00891,0.00176,9.61e-07,0.0188,0.00199,0.0,-0.00762,0.0016899999999999999,1.09e-05,0.019,0.00198,0.0,-0.0308,0.00566,1.54e-07,0.406,0.00763,0.0,-0.0332,0.0029,0.0,0.0442,0.0030399999999999997,0.0,,,,0.0491,0.003,0.0,-0.0347,0.00294,0.0,0.0445,0.00302,0.0,-0.0322,0.00286,0.0,0.0436,0.00296,0.0,0.0318,0.00236,0.0,,,,-0.000606,0.00132,0.648,,,,,,,,,,-0.0016300000000000002,0.00143,0.255,,,,-0.00028199999999999997,0.0013,0.8290000000000001,,,
31,m_2736521020_5,0.445017886644824,0.445017886644824,0.0,0.9837292615562868,-0.105,0.0039,0.0,0.29100000000000004,0.0070599999999999994,0.0,-0.00159,0.0031899999999999997,0.618,0.0466,0.0047,0.0,,,,0.0447,0.00471,0.0,-0.00457,0.00325,0.161,0.045,0.00471,0.0,-0.000575,0.00312,0.8540000000000001,0.0456,0.00439,0.0,-0.0165,0.00592,0.00569,0.198,0.00831,0.0,0.0401,0.0040100000000000005,0.0,0.00374,0.00518,0.47200000000000003,,,,0.00156,0.0052,0.765,0.0373,0.00411,0.0,0.00199,0.005220000000000001,0.703,0.0414,0.0040100000000000005,0.0,0.00259,0.005,0.606,-0.0025800000000000003,0.00277,0.35100000000000003,,,,0.0162,0.00227,0.0,,,,,,,,,,0.0128,0.0023,8.33e-08,,,,0.0168,0.00229,0.0,,,,-0.0992,0.0201,1.58e-06,,,,-0.0992,0.0201,1.58e-06,,,,-0.0025800000000000003,0.00277,0.35100000000000003,,,,-0.0445,0.0149,0.00323,,,,-0.0445,0.0149,0.00323,,,,0.0162,0.00227,0.0,,,,,,,,,,,,,,,,,,,,,,-0.0484,0.0149,0.00135,,,,0.0145,0.012,0.22699999999999998,,,,-0.0484,0.0149,0.00135,,,,0.0145,0.012,0.22699999999999998,,,,0.0128,0.0023,8.33e-08,,,,0.0168,0.00229,0.0,,,,-0.106,0.00396,0.0,0.29100000000000004,0.0070599999999999994,0.0,-0.0015400000000000001,0.0032,0.63,0.0467,0.00469,0.0,,,,0.0447,0.0047,0.0,-0.00424,0.00325,0.193,0.045,0.0047,0.0,-0.000789,0.0031100000000000004,0.8,0.0456,0.00439,0.0,-0.0173,0.0059700000000000005,0.004079999999999999,0.198,0.008320000000000001,0.0,0.0401,0.00403,0.0,0.00379,0.00519,0.466,,,,0.00159,0.0052,0.759,0.0376,0.00413,0.0,0.00203,0.005220000000000001,0.6970000000000001,0.0412,0.0040100000000000005,0.0,0.0025800000000000003,0.0050100000000000006,0.607,-0.00324,0.00285,0.257,,,,0.0162,0.00227,0.0,,,,,,,,,,0.0131,0.00229,3.63e-08,,,,0.0166,0.00229,0.0,,,
32,m_2736521020_7,0.4159963347532161,0.3836825491024781,-0.032313785650873394,0.8987604397648196,-0.0181,0.00253,0.0,0.0963,0.0033799999999999998,0.0,0.0222,0.0022199999999999998,0.0,-0.00231,0.00205,0.262,,,,-0.00248,0.00206,0.23,0.0244,0.00234,0.0,-0.00218,0.00206,0.29100000000000004,0.0229,0.00221,0.0,-0.00349,0.00199,0.0799,-0.133,0.0041600000000000005,0.0,0.215,0.00468,0.0,0.0316,0.00223,0.0,-0.0118,0.00224,3.44e-07,,,,-0.0123,0.00224,1.13e-07,0.0341,0.00231,0.0,-0.012,0.00224,1.99e-07,0.0333,0.0022199999999999998,0.0,-0.0141,0.00215,4.77e-10,-0.0030399999999999997,0.00418,0.467,,,,0.0163,0.0032700000000000003,1.28e-06,,,,,,,,,,0.0185,0.00336,1.0199999999999999e-07,,,,0.0169,0.00312,1.8e-07,,,,-0.0408,0.0115,0.00046100000000000004,,,,-0.0229,0.011,0.039,,,,0.0034100000000000003,0.0036200000000000004,0.348,,,,-0.0198,0.0101,0.0513,,,,-0.0105,0.00952,0.27,,,,0.0163,0.0032700000000000003,1.28e-06,,,,,,,,,,,,,,,,,,,,,,-0.0176,0.0102,0.0837,,,,-0.00134,0.00898,0.8809999999999999,,,,-0.00834,0.00953,0.38299999999999995,,,,0.006509999999999999,0.007390000000000001,0.38,,,,0.0185,0.00336,1.0199999999999999e-07,,,,0.0169,0.00312,1.8e-07,,,,-0.0183,0.00256,0.0,0.0963,0.0033799999999999998,0.0,0.0222,0.00221,0.0,-0.0022600000000000003,0.00206,0.273,,,,-0.00245,0.00206,0.237,0.0244,0.00232,0.0,-0.00214,0.00207,0.303,0.0229,0.0022,0.0,-0.00346,0.00199,0.0838,-0.134,0.00417,0.0,0.215,0.00468,0.0,0.0316,0.00223,0.0,-0.0117,0.00225,4.6e-07,,,,-0.0122,0.00224,1.49e-07,0.0341,0.0023,0.0,-0.0119,0.00224,2.68e-07,0.0333,0.0022199999999999998,0.0,-0.014,0.00216,6.68e-10,-0.0035399999999999997,0.00421,0.401,,,,0.0163,0.00324,1.09e-06,,,,,,,,,,0.0185,0.0033399999999999997,8.83e-08,,,,0.0169,0.00312,1.7699999999999998e-07,,,
33,m_2823116020_1,0.163061357745055,0.163061357745055,0.0,0.3521420603365196,-0.0063,0.00145,2.27e-05,-0.145,0.00317,0.0,-0.0169,0.00122,0.0,0.0442,0.00251,0.0,,,,0.0439,0.00252,0.0,-0.0131,0.00132,0.0,0.0441,0.00251,0.0,-0.0166,0.00121,0.0,0.0443,0.00252,0.0,-0.0491,0.0015,0.0,-0.1,0.00351,0.0,-0.0128,0.00109,0.0,0.0398,0.0027,0.0,,,,0.0395,0.0027,0.0,-0.00894,0.00125,0.0,0.0398,0.0027,0.0,-0.0128,0.0011,0.0,0.0403,0.0027,0.0,-0.0168,0.00143,0.0,,,,-0.0137,0.00125,0.0,,,,,,,,,,-0.00983,0.00133,0.0,,,,-0.0134,0.00123,0.0,,,,0.07,0.0126,7.68e-08,,,,0.07,0.0126,7.68e-08,,,,-0.0168,0.00143,0.0,,,,0.0722,0.0151,3.48e-06,,,,0.0722,0.0151,3.48e-06,,,,-0.0137,0.00125,0.0,,,,,,,,,,,,,,,,,,,,,,0.0761,0.0153,1.29e-06,,,,-0.019,0.0106,0.0747,,,,0.0761,0.0153,1.29e-06,,,,-0.019,0.0106,0.0747,,,,-0.00983,0.00133,0.0,,,,-0.0134,0.00123,0.0,,,,-0.00639,0.00147,2.22e-05,-0.145,0.00317,0.0,-0.017,0.00122,0.0,0.0443,0.00249,0.0,,,,0.044,0.0025,0.0,-0.0131,0.00133,0.0,0.0442,0.00249,0.0,-0.0166,0.00122,0.0,0.0444,0.0025,0.0,-0.0492,0.0015300000000000001,0.0,-0.1,0.00351,0.0,-0.0129,0.0011,0.0,0.04,0.00268,0.0,,,,0.0397,0.0026899999999999997,0.0,-0.009009999999999999,0.00126,0.0,0.0399,0.0026899999999999997,0.0,-0.0128,0.0011099999999999999,0.0,0.0405,0.00268,0.0,-0.0168,0.00145,0.0,,,,-0.0137,0.00125,0.0,,,,,,,,,,-0.00987,0.00134,0.0,,,,-0.0133,0.00124,0.0,,,
34,m_2823116020_11,0.43276592217379184,0.43276592217379184,-1.0922986525432943e-18,0.8705450802825129,-0.0206,0.0019100000000000002,0.0,0.18600000000000003,0.008159999999999999,0.0,0.0075,0.00165,9.61e-06,0.0187,0.00509,0.000307,,,,0.0167,0.005220000000000001,0.00158,0.011,0.0017399999999999998,1.3900000000000002e-09,0.0212,0.00509,4.54e-05,0.00778,0.00164,3.97e-06,0.0154,0.00503,0.00244,-0.0805,0.0025800000000000003,0.0,0.248,0.00873,0.0,0.00203,0.00175,0.24600000000000002,0.0235,0.00528,1.4099999999999999e-05,,,,0.0215,0.005379999999999999,8.950000000000001e-05,0.00583,0.00185,0.0019100000000000002,0.0257,0.00528,2.15e-06,0.00265,0.0017699999999999999,0.13699999999999998,0.0199,0.00525,0.000205,-0.017,0.0019100000000000002,0.0,,,,0.00785,0.00164,3.07e-06,,,,,,,,,,0.0114,0.00172,2.71e-10,,,,0.00807,0.0016300000000000002,1.61e-06,,,,-0.0493,0.00851,2.56e-08,,,,-0.0493,0.00851,2.56e-08,,,,-0.017,0.0019100000000000002,0.0,,,,-0.0131,0.0069,0.059,,,,-0.0131,0.0069,0.059,,,,0.00785,0.00164,3.07e-06,,,,,,,,,,,,,,,,,,,,,,-0.00954,0.0069099999999999995,0.16899999999999998,,,,0.00787,0.00555,0.158,,,,-0.00954,0.0069099999999999995,0.16899999999999998,,,,0.00787,0.00555,0.158,,,,0.0114,0.00172,2.71e-10,,,,0.00807,0.0016300000000000002,1.61e-06,,,,-0.0208,0.00196,0.0,0.18600000000000003,0.00817,0.0,0.007359999999999999,0.0016699999999999998,1.6800000000000002e-05,0.0186,0.00511,0.00035499999999999996,,,,0.0166,0.005220000000000001,0.00173,0.0109,0.00176,2.8100000000000004e-09,0.0211,0.00511,5.4000000000000005e-05,0.00771,0.00165,5.37e-06,0.0154,0.00504,0.00255,-0.0806,0.0026,0.0,0.248,0.008740000000000001,0.0,0.00185,0.00176,0.293,0.0234,0.0053,1.64e-05,,,,0.0214,0.005379999999999999,9.779999999999999e-05,0.005679999999999999,0.00187,0.00266,0.0256,0.0053,2.55e-06,0.00255,0.0017800000000000001,0.153,0.0198,0.00526,0.000213,-0.0172,0.00195,0.0,,,,0.00771,0.00165,5.63e-06,,,,,,,,,,0.0113,0.0017399999999999998,5.74e-10,,,,0.008,0.00164,2.2e-06,,,
35,m_2823116020_12,0.2290138432145878,0.2290138432145878,0.0,0.5586517537888249,0.0022,0.0028399999999999996,0.43799999999999994,-0.025,0.004529999999999999,1.0199999999999999e-07,0.00225,0.0027300000000000002,0.41,0.0085,0.00252,0.0009019999999999999,,,,0.0131,0.00252,4.95e-07,0.00256,0.0027199999999999998,0.348,0.0128,0.00252,8.359999999999999e-07,0.00303,0.00266,0.257,0.00796,0.0025,0.0017,-0.0474,0.00279,0.0,0.0265,0.00465,4.0099999999999995e-08,0.000646,0.00285,0.821,0.00983,0.0025800000000000003,0.00018,,,,0.0145,0.00257,5.8200000000000005e-08,0.000924,0.00283,0.745,0.0141,0.00256,1.04e-07,0.00135,0.00279,0.63,0.00935,0.00256,0.000324,-0.00031800000000000003,0.0028,0.91,,,,0.0032,0.00268,0.235,,,,,,,,,,0.0040100000000000005,0.0026899999999999997,0.138,,,,0.00391,0.00262,0.138,,,,0.0379,0.0128,0.00352,,,,0.0379,0.0128,0.00352,,,,-0.00031800000000000003,0.0028,0.91,,,,0.0326,0.01,0.00131,,,,0.0326,0.01,0.00131,,,,0.0032,0.00268,0.235,,,,,,,,,,,,,,,,,,,,,,0.0342,0.00993,0.000697,,,,-0.0479,0.0108,1.62e-05,,,,0.0342,0.00993,0.000697,,,,-0.0479,0.0108,1.62e-05,,,,0.0040100000000000005,0.0026899999999999997,0.138,,,,0.00391,0.00262,0.138,,,,0.00198,0.0029100000000000003,0.498,-0.0251,0.004520000000000001,8.050000000000001e-08,0.0022,0.0027300000000000002,0.42,0.00854,0.00252,0.000834,,,,0.0132,0.00251,3.87e-07,0.00251,0.0027300000000000002,0.359,0.0128,0.00251,7.23e-07,0.00305,0.00266,0.252,0.00805,0.0025,0.00147,-0.0477,0.00286,0.0,0.0264,0.00464,4.36e-08,0.000596,0.00285,0.835,0.00987,0.00257,0.000165,,,,0.0146,0.00256,4.51e-08,0.000872,0.0028399999999999996,0.759,0.0142,0.00256,8.93e-08,0.0013800000000000002,0.00279,0.622,0.00943,0.00255,0.000278,-0.000558,0.0028699999999999997,0.846,,,,0.00315,0.0026899999999999997,0.242,,,,,,,,,,0.00396,0.0027,0.14400000000000002,,,,0.00395,0.00262,0.133,,,
36,m_2823116020_14,0.4981850939149008,0.4981850939149008,1.2660810280075564e-18,0.7761354071014427,-0.0303,0.0025,0.0,0.613,0.00854,0.0,-0.00795,0.00162,1.74e-06,-0.0332,0.0041,0.0,,,,-0.0366,0.00417,0.0,-0.0118,0.0017399999999999998,1.43e-10,-0.0336,0.00413,0.0,-0.007490000000000001,0.00162,6.76e-06,-0.0322,0.00409,0.0,-0.0451,0.00515,0.0,0.63,0.0115,0.0,-0.00232,0.0016899999999999999,0.17,-0.0385,0.0041600000000000005,0.0,,,,-0.0418,0.004229999999999999,0.0,-0.0060799999999999995,0.00187,0.00137,-0.039,0.00418,0.0,-0.00186,0.0017100000000000001,0.27699999999999997,-0.0374,0.0041,0.0,-0.0145,0.00247,1.58e-08,,,,-0.00884,0.00159,7.88e-08,,,,,,,,,,-0.0127,0.00172,0.0,,,,-0.00835,0.00159,3.94e-07,,,,-0.0105,0.00834,0.20800000000000002,,,,-0.0105,0.00834,0.20800000000000002,,,,-0.0145,0.00247,1.58e-08,,,,-0.0299,0.0062,2.76e-06,,,,-0.0299,0.0062,2.76e-06,,,,-0.00884,0.00159,7.88e-08,,,,,,,,,,,,,,,,,,,,,,-0.0335,0.00619,1.71e-07,,,,-0.0121,0.00636,0.058,,,,-0.0335,0.00619,1.71e-07,,,,-0.0121,0.00636,0.058,,,,-0.0127,0.00172,0.0,,,,-0.00835,0.00159,3.94e-07,,,,-0.0302,0.00255,0.0,0.613,0.00855,0.0,-0.00812,0.00165,1.78e-06,-0.0328,0.00411,0.0,,,,-0.0361,0.00418,0.0,-0.0119,0.0017699999999999999,2.02e-10,-0.0332,0.00414,0.0,-0.00763,0.00165,6.8e-06,-0.0318,0.0041,0.0,-0.045,0.00517,0.0,0.63,0.0115,0.0,-0.0025,0.0016899999999999999,0.142,-0.038,0.0041600000000000005,0.0,,,,-0.0413,0.00424,0.0,-0.00619,0.0018800000000000002,0.00116,-0.0386,0.00419,0.0,-0.002,0.0017100000000000001,0.244,-0.037,0.00411,0.0,-0.0145,0.00253,3.67e-08,,,,-0.009,0.00162,8.779999999999999e-08,,,,,,,,,,-0.0127,0.00175,0.0,,,,-0.00848,0.00162,4.2299999999999996e-07,,,
37,m_2823116020_2,0.4679702909656069,0.4679702909656069,-2.8077884449990542e-18,0.7399801983405441,-0.483,0.0233,0.0,0.953,0.0266,0.0,-0.00122,0.00461,0.7909999999999999,0.00861,0.00584,0.142,,,,0.0103,0.00581,0.0787,-0.00389,0.00465,0.40399999999999997,0.00884,0.00586,0.133,-0.00367,0.00455,0.42100000000000004,0.0165,0.006220000000000001,0.00867,-0.622,0.0333,0.0,1.069,0.0357,0.0,0.00621,0.00659,0.34700000000000003,0.00106,0.0077,0.8909999999999999,,,,0.00225,0.0076,0.768,0.00345,0.006540000000000001,0.599,0.00146,0.00772,0.851,0.0018399999999999998,0.0066099999999999996,0.7809999999999999,0.0105,0.00839,0.214,-0.184,0.0195,0.0,,,,0.0017100000000000001,0.00364,0.64,,,,,,,,,,-0.000917,0.00372,0.805,,,,0.00215,0.00367,0.5589999999999999,,,,-0.307,0.0494,2.87e-09,,,,-0.307,0.0494,2.87e-09,,,,-0.184,0.0195,0.0,,,,0.011,0.00965,0.257,,,,0.011,0.00965,0.257,,,,0.0017100000000000001,0.00364,0.64,,,,,,,,,,,,,,,,,,,,,,0.00823,0.009590000000000001,0.392,,,,0.00283,0.0104,0.785,,,,0.00823,0.009590000000000001,0.392,,,,0.00283,0.0104,0.785,,,,-0.000917,0.00372,0.805,,,,0.00215,0.00367,0.5589999999999999,,,,-0.484,0.0234,0.0,0.955,0.0266,0.0,-0.00146,0.00457,0.7509999999999999,0.00884,0.00581,0.129,,,,0.0104,0.00579,0.0734,-0.00399,0.00463,0.389,0.00907,0.0058200000000000005,0.121,-0.0038200000000000005,0.004529999999999999,0.401,0.0168,0.00617,0.00704,-0.624,0.0334,0.0,1.071,0.0358,0.0,0.00566,0.006509999999999999,0.386,0.00161,0.00761,0.8320000000000001,,,,0.00267,0.007540000000000001,0.723,0.00303,0.00646,0.64,0.002,0.00762,0.794,0.00157,0.00658,0.812,0.0109,0.008329999999999999,0.192,-0.185,0.0195,0.0,,,,0.00155,0.0036299999999999995,0.669,,,,,,,,,,-0.000938,0.0037,0.8,,,,0.0021100000000000003,0.00366,0.565,,,
38,m_2823116020_26,0.4782870279482364,0.4782870279482364,0.0,0.8048028488319794,-0.0118,0.0020800000000000003,4.8399999999999997e-08,-0.14400000000000002,0.0103,0.0,0.00451,0.00197,0.0235,-0.0954,0.006640000000000001,0.0,,,,-0.096,0.006659999999999999,0.0,0.0033200000000000005,0.0019199999999999998,0.0856,-0.0956,0.006690000000000001,0.0,0.00475,0.00196,0.0164,-0.0888,0.00639,0.0,-0.156,0.00359,0.0,0.0069299999999999995,0.0102,0.498,0.009009999999999999,0.00266,0.0008320000000000001,-0.1,0.006809999999999999,0.0,,,,-0.10099999999999999,0.00683,0.0,0.00805,0.00262,0.0024100000000000002,-0.1,0.00687,0.0,0.00831,0.0027199999999999998,0.00259,-0.0925,0.00665,0.0,-0.0219,0.0021,0.0,,,,-0.00185,0.00213,0.385,,,,,,,,,,-0.003,0.0020800000000000003,0.151,,,,-0.00115,0.0020800000000000003,0.583,,,,-0.0855,0.0154,8.97e-08,,,,-0.0855,0.0154,8.97e-08,,,,-0.0219,0.0021,0.0,,,,-0.0686,0.0122,5.67e-08,,,,-0.0686,0.0122,5.67e-08,,,,-0.00185,0.00213,0.385,,,,,,,,,,,,,,,,,,,,,,-0.0693,0.0121,3.69e-08,,,,-0.0107,0.0114,0.349,,,,-0.0693,0.0121,3.69e-08,,,,-0.0107,0.0114,0.349,,,,-0.003,0.0020800000000000003,0.151,,,,-0.00115,0.0020800000000000003,0.583,,,,-0.0118,0.0020800000000000003,4.4699999999999997e-08,-0.14400000000000002,0.0103,0.0,0.00443,0.00197,0.0259,-0.0956,0.006640000000000001,0.0,,,,-0.0962,0.006659999999999999,0.0,0.0032700000000000003,0.0019199999999999998,0.0902,-0.0958,0.006690000000000001,0.0,0.0046700000000000005,0.00196,0.0183,-0.0892,0.006379999999999999,0.0,-0.156,0.00359,0.0,0.00686,0.0102,0.502,0.00896,0.00265,0.0008730000000000001,-0.1,0.006809999999999999,0.0,,,,-0.10099999999999999,0.00683,0.0,0.008020000000000001,0.0026100000000000003,0.00243,-0.10099999999999999,0.00687,0.0,0.00826,0.0027199999999999998,0.0026899999999999997,-0.0929,0.006640000000000001,0.0,-0.0219,0.0021100000000000003,0.0,,,,-0.00195,0.00213,0.36200000000000004,,,,,,,,,,-0.00307,0.0020800000000000003,0.142,,,,-0.00124,0.0020800000000000003,0.552,,,
39,m_2823116020_27,0.4410891423946569,0.4410891423946569,-7.011571386165241e-19,0.7399801983405441,-0.526,0.0246,0.0,0.919,0.0255,0.0,-0.00223,0.00448,0.618,0.00981,0.00424,0.0218,,,,0.00643,0.00479,0.18100000000000002,-0.00492,0.00449,0.275,0.0101,0.00427,0.0185,-0.00399,0.00439,0.364,0.0148,0.00424,0.0005679999999999999,-0.648,0.0334,0.0,1.014,0.0331,0.0,0.0043,0.00604,0.47700000000000004,0.00454,0.0054600000000000004,0.40700000000000003,,,,-0.00101,0.00629,0.873,0.0015400000000000001,0.00595,0.7959999999999999,0.00492,0.00549,0.371,0.00151,0.00589,0.7979999999999999,0.0103,0.0054600000000000004,0.0617,-0.184,0.0195,0.0,,,,0.0017100000000000001,0.00364,0.64,,,,,,,,,,-0.000917,0.00372,0.805,,,,0.00215,0.00367,0.5589999999999999,,,,-0.34,0.0414,0.0,,,,-0.34,0.0414,0.0,,,,-0.184,0.0195,0.0,,,,0.015,0.007890000000000001,0.0581,,,,0.015,0.007890000000000001,0.0581,,,,0.0017100000000000001,0.00364,0.64,,,,,,,,,,,,,,,,,,,,,,0.0124,0.007859999999999999,0.11800000000000001,,,,0.00106,0.0082,0.898,,,,0.0124,0.007859999999999999,0.11800000000000001,,,,0.00106,0.0082,0.898,,,,-0.000917,0.00372,0.805,,,,0.00215,0.00367,0.5589999999999999,,,,-0.527,0.0247,0.0,0.919,0.0255,0.0,-0.0024,0.00445,0.59,0.009859999999999999,0.004229999999999999,0.0208,,,,0.00659,0.00476,0.168,-0.00495,0.00447,0.26899999999999996,0.0102,0.00426,0.0177,-0.004079999999999999,0.004379999999999999,0.35200000000000004,0.015,0.004220000000000001,0.000481,-0.65,0.0334,0.0,1.015,0.0331,0.0,0.00389,0.00598,0.516,0.0047799999999999995,0.00542,0.379,,,,-0.00064,0.006229999999999999,0.9179999999999999,0.0012699999999999999,0.0059,0.8290000000000001,0.00515,0.0054399999999999995,0.345,0.00137,0.00587,0.815,0.0104,0.0054399999999999995,0.0568,-0.185,0.0195,0.0,,,,0.00155,0.0036299999999999995,0.669,,,,,,,,,,-0.000938,0.0037,0.8,,,,0.0021100000000000003,0.00366,0.565,,,
40,m_2823116020_7,0.3003985348744416,0.3003985348744416,-3.9188245726576395e-19,0.6362603015102173,-0.00987,0.00267,0.000276,0.233,0.0114,0.0,-0.00742,0.00243,0.00255,-0.109,0.0113,0.0,,,,-0.10800000000000001,0.0112,0.0,0.00346,0.0025800000000000003,0.18100000000000002,-0.111,0.0112,0.0,-0.00717,0.00243,0.00361,-0.105,0.0113,0.0,-0.000161,0.00419,0.9690000000000001,0.222,0.0129,0.0,-0.0229,0.0025399999999999997,0.0,-0.0931,0.0113,0.0,,,,-0.0918,0.0112,0.0,-0.012,0.00262,8.84e-06,-0.0955,0.0112,0.0,-0.0242,0.00259,0.0,-0.0886,0.0114,0.0,-0.00507,0.00262,0.0542,,,,-0.00984,0.0024,6.05e-05,,,,,,,,,,0.000935,0.00257,0.716,,,,-0.00951,0.0024100000000000002,0.00010700000000000001,,,,0.0010199999999999999,0.00746,0.8909999999999999,,,,0.0010199999999999999,0.00746,0.8909999999999999,,,,-0.00507,0.00262,0.0542,,,,-0.014,0.00536,0.009770000000000001,,,,-0.014,0.00536,0.009770000000000001,,,,-0.00984,0.0024,6.05e-05,,,,,,,,,,,,,,,,,,,,,,-0.00386,0.0055,0.484,,,,-0.0309,0.00626,1.63e-06,,,,-0.00386,0.0055,0.484,,,,-0.0309,0.00626,1.63e-06,,,,0.000935,0.00257,0.716,,,,-0.00951,0.0024100000000000002,0.00010700000000000001,,,,-0.01,0.0027300000000000002,0.000319,0.233,0.0114,0.0,-0.007390000000000001,0.00243,0.00267,-0.109,0.0113,0.0,,,,-0.10800000000000001,0.0112,0.0,0.0034100000000000003,0.00259,0.18899999999999997,-0.111,0.0112,0.0,-0.0070799999999999995,0.00244,0.0041600000000000005,-0.105,0.0113,0.0,-0.000281,0.004220000000000001,0.9470000000000001,0.222,0.0129,0.0,-0.0228,0.0025399999999999997,0.0,-0.0932,0.0113,0.0,,,,-0.092,0.0112,0.0,-0.0119,0.00263,9.11e-06,-0.0956,0.0112,0.0,-0.0241,0.00259,0.0,-0.0887,0.0114,0.0,-0.00519,0.00268,0.0542,,,,-0.00982,0.0024100000000000002,6.45e-05,,,,,,,,,,0.0008759999999999999,0.00257,0.7340000000000001,,,,-0.00942,0.00242,0.00013000000000000002,,,
41,m_2823116020_8,0.2798641962709549,0.2798641962709549,0.0,0.728776142855907,0.0214,0.00214,0.0,-0.512,0.008140000000000001,0.0,-0.0018899999999999998,0.00117,0.109,0.0247,0.0117,0.0353,,,,0.0207,0.0117,0.0787,-0.0036200000000000004,0.00131,0.006229999999999999,0.0243,0.0117,0.0391,-0.0012900000000000001,0.00117,0.272,0.0232,0.0119,0.0534,0.0558,0.00274,0.0,-0.5489999999999999,0.00848,0.0,-0.00247,0.00116,0.0336,0.0252,0.0117,0.0326,,,,0.0211,0.0117,0.0736,-0.00419,0.0012900000000000001,0.00131,0.0247,0.0117,0.0361,-0.0019199999999999998,0.00115,0.0978,0.0236,0.012,0.0495,0.0168,0.0022,0.0,,,,-0.0017,0.00117,0.149,,,,,,,,,,-0.00343,0.00131,0.0094,,,,-0.0011099999999999999,0.00117,0.342,,,,0.00683,0.01,0.496,,,,0.00683,0.01,0.496,,,,0.0168,0.0022,0.0,,,,-0.007379999999999999,0.00403,0.0686,,,,-0.007379999999999999,0.00403,0.0686,,,,-0.0017,0.00117,0.149,,,,,,,,,,,,,,,,,,,,,,-0.00907,0.00405,0.0263,,,,0.000155,0.0038299999999999996,0.968,,,,-0.00907,0.00405,0.0263,,,,0.000155,0.0038299999999999996,0.968,,,,-0.00343,0.00131,0.0094,,,,-0.0011099999999999999,0.00117,0.342,,,,0.0213,0.00215,0.0,-0.512,0.008140000000000001,0.0,-0.00196,0.00117,0.0957,0.0247,0.0117,0.0357,,,,0.0206,0.0117,0.0792,-0.00367,0.00131,0.00545,0.0242,0.0117,0.0395,-0.00134,0.00117,0.254,0.0232,0.0119,0.0533,0.0558,0.00274,0.0,-0.5489999999999999,0.00848,0.0,-0.0025399999999999997,0.00115,0.029,0.0252,0.0117,0.0331,,,,0.0211,0.0117,0.0742,-0.004229999999999999,0.00128,0.00115,0.0247,0.0117,0.0366,-0.00195,0.00115,0.0923,0.0236,0.012,0.0495,0.0168,0.00221,0.0,,,,-0.0017699999999999999,0.00117,0.131,,,,,,,,,,-0.00349,0.00131,0.00827,,,,-0.00116,0.00117,0.322,,,
42,m_2962238020_4,0.20317804404435752,0.20317804404435752,0.0,0.4536671318998448,-0.00556,0.00112,1.34e-06,0.768,0.0027300000000000002,0.0,-0.0077,0.0008410000000000001,0.0,-0.0211,0.00268,0.0,,,,-0.0233,0.00268,0.0,,,,-0.0233,0.00268,0.0,-0.008020000000000001,0.000883,0.0,-0.0213,0.00268,0.0,-0.008020000000000001,0.000883,0.0,-0.0213,0.00268,0.0,-0.007640000000000001,0.0008410000000000001,0.0,-0.0211,0.0026899999999999997,0.0,-0.146,0.0014199999999999998,0.0,0.912,0.00316,0.0,-0.007640000000000001,0.0008410000000000001,0.0,-0.0211,0.0026899999999999997,0.0,-0.146,0.0014199999999999998,0.0,0.912,0.00316,0.0,-0.00442,0.00095,5.94e-06,-0.0245,0.00271,0.0,-0.00442,0.00095,5.94e-06,-0.0245,0.00271,0.0,,,,-0.0265,0.00271,0.0,,,,-0.0265,0.00271,0.0,-0.00476,0.000992,3.04e-06,-0.0246,0.00271,0.0,-0.00476,0.000992,3.04e-06,-0.0246,0.00271,0.0,-0.00439,0.000951,6.96e-06,-0.0244,0.0027199999999999998,0.0,0.00352,0.00112,0.0019199999999999998,,,,-0.00439,0.000951,6.96e-06,-0.0244,0.0027199999999999998,0.0,0.00352,0.00112,0.0019199999999999998,,,,-0.00795,0.000828,0.0,,,,-0.00795,0.000828,0.0,,,,,,,,,,,,,,,,-0.00827,0.0008710000000000001,0.0,,,,-0.00827,0.0008710000000000001,0.0,,,,-0.00788,0.0008289999999999999,0.0,,,,0.0262,0.0175,0.136,,,,-0.00788,0.0008289999999999999,0.0,,,,0.0262,0.0175,0.136,,,,0.0262,0.0175,0.136,,,,0.00352,0.00112,0.0019199999999999998,,,,0.0262,0.0175,0.136,,,,0.00352,0.00112,0.0019199999999999998,,,,-0.007679999999999999,0.0139,0.58,,,,-0.007679999999999999,0.0139,0.58,,,,-0.007679999999999999,0.0139,0.58,,,,-0.007679999999999999,0.0139,0.58,,,,-0.00795,0.000828,0.0,,,,-0.00795,0.000828,0.0,,,,,,,,,,,,,,,,,,,,,,,,,,,,,,,,,
43,m_2962238020_6,0.14611262497863536,0.14611262497863536,0.0,0.7326155555771152,0.0218,0.00374,2.0699999999999997e-08,0.14300000000000002,0.00488,0.0,-0.0182,0.00282,7.190000000000001e-10,0.0766,0.0031899999999999997,0.0,,,,0.0771,0.00318,0.0,-0.0215,0.00313,8.16e-11,0.0765,0.00318,0.0,-0.0186,0.0028,2.65e-10,0.0768,0.00312,0.0,0.0009369999999999999,0.00387,0.809,0.161,0.00495,0.0,-0.0245,0.00294,0.0,0.0829,0.00331,0.0,,,,0.0836,0.0033,0.0,-0.0281,0.0032700000000000003,0.0,0.0829,0.0033,0.0,-0.0248,0.0029100000000000003,0.0,0.0831,0.00323,0.0,0.0457,0.00343,0.0,,,,-0.00391,0.00255,0.128,,,,,,,,,,-0.00719,0.0029100000000000003,0.0143,,,,-0.0042899999999999995,0.0025399999999999997,0.0929,,,,0.141,0.0258,1.2099999999999998e-07,,,,0.141,0.0258,1.2099999999999998e-07,,,,0.0457,0.00343,0.0,,,,-0.0442,0.0287,0.125,,,,-0.0442,0.0287,0.125,,,,-0.00391,0.00255,0.128,,,,,,,,,,,,,,,,,,,,,,-0.0474,0.0286,0.0986,,,,-0.0494,0.0279,0.078,,,,-0.0474,0.0286,0.0986,,,,-0.0494,0.0279,0.078,,,,-0.00719,0.0029100000000000003,0.0143,,,,-0.0042899999999999995,0.0025399999999999997,0.0929,,,,0.0221,0.00375,1.58e-08,0.14300000000000002,0.00488,0.0,-0.0185,0.00283,4.979999999999999e-10,0.0766,0.0031899999999999997,0.0,,,,0.0772,0.00318,0.0,-0.0217,0.00317,9.02e-11,0.0765,0.0031899999999999997,0.0,-0.0188,0.0028,1.8300000000000001e-10,0.0767,0.00313,0.0,0.00121,0.00387,0.755,0.161,0.00494,0.0,-0.0247,0.00295,0.0,0.0829,0.00331,0.0,,,,0.0836,0.0033,0.0,-0.0282,0.0033,0.0,0.0829,0.00331,0.0,-0.025,0.0029100000000000003,0.0,0.0831,0.00324,0.0,0.0459,0.00345,0.0,,,,-0.00418,0.00256,0.10400000000000001,,,,,,,,,,-0.00735,0.00294,0.0131,,,,-0.00448,0.0025399999999999997,0.0791,,,
44,m_2962238020_7,0.1275059092058739,0.1275059092058739,0.0,0.5353418260361109,0.0274,0.0020399999999999997,0.0,0.0031100000000000004,0.007,0.657,0.0037,0.00123,0.00298,0.00581,0.00316,0.0678,,,,0.0043,0.00315,0.174,0.00687,0.00133,6.04e-07,0.00555,0.00316,0.0809,0.0038399999999999997,0.00123,0.0021100000000000003,0.0056700000000000006,0.00317,0.0746,0.0562,0.00213,0.0,-0.0275,0.00775,0.000481,-0.006509999999999999,0.0012699999999999999,6.93e-07,0.017,0.00318,2.24e-07,,,,0.0156,0.00317,1.76e-06,-0.0033799999999999998,0.0013599999999999999,0.0138,0.0168,0.00318,3.27e-07,-0.00632,0.0012699999999999999,1.48e-06,0.0168,0.00318,3.07e-07,0.0276,0.00213,0.0,,,,0.004079999999999999,0.00128,0.00162,,,,,,,,,,0.00722,0.0013800000000000002,3.83e-07,,,,0.00421,0.00128,0.00117,,,,0.0591,0.0181,0.00126,,,,0.0591,0.0181,0.00126,,,,0.0276,0.00213,0.0,,,,-0.0327,0.00984,0.00105,,,,-0.0327,0.00984,0.00105,,,,0.004079999999999999,0.00128,0.00162,,,,,,,,,,,,,,,,,,,,,,-0.0297,0.00976,0.00265,,,,0.0146,0.00798,0.068,,,,-0.0297,0.00976,0.00265,,,,0.0146,0.00798,0.068,,,,0.00722,0.0013800000000000002,3.83e-07,,,,0.00421,0.00128,0.00117,,,,0.0276,0.0021,0.0,0.00309,0.007,0.659,0.00374,0.00124,0.00282,0.00575,0.00317,0.0709,,,,0.00426,0.00315,0.17800000000000002,0.0069099999999999995,0.00134,5.389999999999999e-07,0.00548,0.00317,0.0849,0.00395,0.00124,0.0017,0.00562,0.00317,0.0776,0.0563,0.0021899999999999997,0.0,-0.0275,0.00774,0.000479,-0.00647,0.00128,8.8e-07,0.017,0.00318,2.51e-07,,,,0.0156,0.00317,1.9e-06,-0.0033200000000000005,0.0013599999999999999,0.0156,0.0167,0.00318,3.69e-07,-0.0062,0.00128,2.66e-06,0.0168,0.00318,3.4e-07,0.0277,0.00218,0.0,,,,0.00411,0.00128,0.0015300000000000001,,,,,,,,,,0.007259999999999999,0.0013800000000000002,3.42e-07,,,,0.0043100000000000005,0.0012900000000000001,0.0009429999999999999,,,
45,m_AA12345_1,0.16614653654578318,0.16614653654578318,-6.937912875903122e-19,0.2044258532537668,0.0645,0.00133,0.0,0.6859999999999999,0.0039,0.0,0.04,0.000992,0.0,0.0143,0.00245,2.08e-08,,,,0.0148,0.00245,7.170000000000001e-09,0.0471,0.00109,0.0,0.0145,0.00245,1.3600000000000001e-08,0.0398,0.000991,0.0,0.0146,0.00249,1.8700000000000002e-08,0.0971,0.00151,0.0,0.66,0.00436,0.0,0.0478,0.00114,0.0,0.007370000000000001,0.00234,0.0018899999999999998,,,,0.008870000000000001,0.00234,0.00020299999999999997,0.0546,0.00125,0.0,0.007640000000000001,0.00234,0.0013,0.0477,0.00114,0.0,0.00765,0.00238,0.0015199999999999999,0.0673,0.00134,0.0,,,,0.04,0.000993,0.0,,,,,,,,,,0.0471,0.00109,0.0,,,,0.0399,0.000993,0.0,,,,0.12,0.00587,0.0,,,,0.12,0.00587,0.0,,,,0.0673,0.00134,0.0,,,,0.068,0.00462,0.0,,,,0.068,0.00462,0.0,,,,0.04,0.000993,0.0,,,,,,,,,,,,,,,,,,,,,,0.075,0.00462,0.0,,,,0.0346,0.00556,2.8000000000000003e-09,,,,0.075,0.00462,0.0,,,,0.0346,0.00556,2.8000000000000003e-09,,,,0.0471,0.00109,0.0,,,,0.0399,0.000993,0.0,,,,0.0641,0.0015400000000000001,0.0,0.6859999999999999,0.0039,0.0,0.0396,0.00105,0.0,0.0144,0.00245,1.81e-08,,,,0.0149,0.00245,6.22e-09,0.0467,0.0011300000000000001,0.0,0.0146,0.00245,1.18e-08,0.0395,0.00106,0.0,0.0146,0.00249,1.62e-08,0.0969,0.00168,0.0,0.66,0.00436,0.0,0.0475,0.00119,0.0,0.00744,0.00234,0.00173,,,,0.00893,0.00235,0.00018600000000000002,0.0543,0.0012900000000000001,0.0,0.00771,0.00234,0.00119,0.0474,0.0012,0.0,0.00772,0.00238,0.00139,0.067,0.00155,0.0,,,,0.0397,0.00105,0.0,,,,,,,,,,0.0468,0.00114,0.0,,,,0.0395,0.00106,0.0,,,
46,m_AA12345_2,0.4859361353964688,0.4859361353964688,0.0,0.5587478713848694,-0.0228,0.0010199999999999999,0.0,0.706,0.00242,0.0,0.0221,0.000718,0.0,0.0134,0.0017,0.0,,,,0.0126,0.0017,0.0,0.0268,0.000767,0.0,0.0134,0.0017100000000000001,0.0,0.022,0.000721,0.0,0.0135,0.0017100000000000001,0.0,0.47200000000000003,0.00309,0.0,0.21100000000000002,0.00249,0.0,0.0117,0.00119,0.0,0.0239,0.0015199999999999999,0.0,,,,0.0231,0.0015199999999999999,0.0,0.0164,0.00115,0.0,0.0238,0.0015300000000000001,0.0,0.0116,0.0012,0.0,0.024,0.0015300000000000001,0.0,0.0149,0.000984,0.0,,,,0.0229,0.0006940000000000001,0.0,,,,,,,,,,0.0276,0.000731,0.0,,,,0.0229,0.000697,0.0,,,,0.0154,0.012,0.19899999999999998,,,,0.0154,0.012,0.19899999999999998,,,,0.0149,0.000984,0.0,,,,0.0518,0.0106,2.22e-06,,,,0.0518,0.0106,2.22e-06,,,,0.0229,0.0006940000000000001,0.0,,,,,,,,,,,,,,,,,,,,,,0.0565,0.0106,2.6e-07,,,,0.0205,0.00566,0.00037799999999999997,,,,0.0565,0.0106,2.6e-07,,,,0.0205,0.00566,0.00037799999999999997,,,,0.0276,0.000731,0.0,,,,0.0229,0.000697,0.0,,,,-0.0232,0.0012,0.0,0.706,0.00242,0.0,0.022,0.000711,0.0,0.0135,0.0017,0.0,,,,0.0127,0.0017,0.0,0.0267,0.000762,0.0,0.0134,0.00172,0.0,0.0218,0.0007099999999999999,0.0,0.0135,0.00172,0.0,0.47200000000000003,0.00309,0.0,0.21100000000000002,0.00249,0.0,0.0116,0.0012,0.0,0.0239,0.0015300000000000001,0.0,,,,0.0231,0.0015199999999999999,0.0,0.0164,0.00116,0.0,0.0238,0.0015300000000000001,0.0,0.0114,0.00121,0.0,0.024,0.0015400000000000001,0.0,0.0145,0.00117,0.0,,,,0.0228,0.000687,0.0,,,,,,,,,,0.0276,0.000726,0.0,,,,0.0227,0.000685,0.0,,,
47,m_AA12345_4,0.3157680510503158,0.3157680510503158,0.0,0.3136097721334737,-0.0105,0.00292,0.00041799999999999997,3.5189999999999997,0.005229999999999999,0.0,0.0446,0.00146,0.0,,,,,,,,,,0.0317,0.00149,0.0,,,,0.0448,0.00143,0.0,,,,-0.171,0.00456,0.0,3.685,0.0084,0.0,0.0601,0.00206,0.0,,,,,,,,,,0.0472,0.00203,0.0,,,,0.0603,0.00203,0.0,,,,0.133,0.0034100000000000003,0.0,,,,0.0446,0.00146,0.0,,,,,,,,,,0.0317,0.00149,0.0,,,,0.0448,0.00143,0.0,,,,0.166,0.0287,2.81e-08,,,,0.166,0.0287,2.81e-08,,,,0.133,0.0034100000000000003,0.0,,,,0.023,0.00873,0.009040000000000001,,,,0.023,0.00873,0.009040000000000001,,,,0.0446,0.00146,0.0,,,,,,,,,,,,,,,,,,,,,,0.0103,0.00864,0.237,,,,0.0623,0.0108,2.76e-08,,,,0.0103,0.00864,0.237,,,,0.0623,0.0108,2.76e-08,,,,0.0317,0.00149,0.0,,,,0.0448,0.00143,0.0,,,,-0.0109,0.00309,0.000549,3.5189999999999997,0.005229999999999999,0.0,0.0438,0.0015199999999999999,0.0,,,,,,,,,,0.0308,0.00159,0.0,,,,0.0439,0.0015199999999999999,0.0,,,,-0.172,0.00472,0.0,3.685,0.0084,0.0,0.0593,0.0021100000000000003,0.0,,,,,,,,,,0.0464,0.0021100000000000003,0.0,,,,0.0594,0.0021,0.0,,,,0.132,0.00361,0.0,,,,0.0438,0.0015199999999999999,0.0,,,,,,,,,,0.0308,0.00159,0.0,,,,0.0439,0.0015199999999999999,0.0,,,
48,m_AA12345_8,0.2954005225682208,0.2954005225682208,-1.2179502047220628e-18,0.5841558800688309,0.0261,0.000935,0.0,0.00848,0.00215,0.000106,0.0352,0.000799,0.0,0.0476,0.00275,0.0,,,,0.0484,0.0027600000000000003,0.0,0.0364,0.0008880000000000001,0.0,0.0477,0.00274,0.0,0.0351,0.000799,0.0,0.0476,0.00275,0.0,0.253,0.0018,0.0,-0.215,0.00214,0.0,0.0434,0.00101,0.0,0.0389,0.00277,0.0,,,,0.0393,0.00278,0.0,0.0445,0.00106,0.0,0.0391,0.00277,0.0,0.0434,0.00101,0.0,0.0388,0.00277,0.0,0.0264,0.000932,0.0,,,,0.0375,0.000794,0.0,,,,,,,,,,0.0387,0.000875,0.0,,,,0.0374,0.000794,0.0,,,,0.0192,0.00475,7.509999999999998e-05,,,,0.0192,0.00475,7.509999999999998e-05,,,,0.0264,0.000932,0.0,,,,0.0468,0.00442,0.0,,,,0.0468,0.00442,0.0,,,,0.0375,0.000794,0.0,,,,,,,,,,,,,,,,,,,,,,0.0479,0.0044399999999999995,0.0,,,,0.0296,0.00533,8.74e-08,,,,0.0479,0.0044399999999999995,0.0,,,,0.0296,0.00533,8.74e-08,,,,0.0387,0.000875,0.0,,,,0.0374,0.000794,0.0,,,,0.0263,0.00122,0.0,0.008490000000000001,0.00215,0.000105,0.0354,0.000794,0.0,0.0478,0.00277,0.0,,,,0.0486,0.00278,0.0,0.0366,0.0008820000000000001,0.0,0.0479,0.00277,0.0,0.0354,0.000795,0.0,0.0477,0.00277,0.0,0.253,0.0019,0.0,-0.215,0.00214,0.0,0.0436,0.00101,0.0,0.0391,0.00279,0.0,,,,0.0395,0.0028,0.0,0.0448,0.00106,0.0,0.0393,0.00279,0.0,0.0436,0.00101,0.0,0.039,0.00279,0.0,0.0267,0.00121,0.0,,,,0.0377,0.000792,0.0,,,,,,,,,,0.0389,0.0008730000000000001,0.0,,,,0.0376,0.000794,0.0,,,
