,merger,pre_hhi,post_hhi,dhhi,post_merger_1,se_pm_1,pval_pm_1,post_merger_merging_1,se_pmm_1,pval_pmm_1,post_merger_2,se_pm_2,pval_pm_2,post_merger_merging_2,se_pmm_2,pval_pmm_2,post_merger_3,se_pm_3,pval_pm_3,post_merger_merging_3,se_pmm_3,pval_pmm_3,post_merger_4,se_pm_4,pval_pm_4,post_merger_merging_4,se_pmm_4,pval_pmm_4,post_merger_5,se_pm_5,pval_pm_5,post_merger_merging_5,se_pmm_5,pval_pmm_5,post_merger_6,se_pm_6,pval_pm_6,post_merger_merging_6,se_pmm_6,pval_pmm_6,post_merger_7,se_pm_7,pval_pm_7,post_merger_merging_7,se_pmm_7,pval_pmm_7,post_merger_8,se_pm_8,pval_pm_8,post_merger_merging_8,se_pmm_8,pval_pmm_8,post_merger_9,se_pm_9,pval_pm_9,post_merger_merging_9,se_pmm_9,pval_pmm_9,post_merger_10,se_pm_10,pval_pm_10,post_merger_merging_10,se_pmm_10,pval_pmm_10,post_merger_11,se_pm_11,pval_pm_11,post_merger_merging_11,se_pmm_11,pval_pmm_11,post_merger_12,se_pm_12,pval_pm_12,post_merger_merging_12,se_pmm_12,pval_pmm_12,post_merger_13,se_pm_13,pval_pm_13,post_merger_merging_13,se_pmm_13,pval_pmm_13,post_merger_14,se_pm_14,pval_pm_14,post_merger_merging_14,se_pmm_14,pval_pmm_14,post_merger_15,se_pm_15,pval_pm_15,post_merger_merging_15,se_pmm_15,pval_pmm_15,post_merger_16,se_pm_16,pval_pm_16,post_merger_merging_16,se_pmm_16,pval_pmm_16,post_merger_17,se_pm_17,pval_pm_17,post_merger_merging_17,se_pmm_17,pval_pmm_17,post_merger_18,se_pm_18,pval_pm_18,post_merger_merging_18,se_pmm_18,pval_pmm_18,post_merger_19,se_pm_19,pval_pm_19,post_merger_merging_19,se_pmm_19,pval_pmm_19,post_merger_20,se_pm_20,pval_pm_20,post_merger_merging_20,se_pmm_20,pval_pmm_20,post_merger_21,se_pm_21,pval_pm_21,post_merger_merging_21,se_pmm_21,pval_pmm_21,post_merger_22,se_pm_22,pval_pm_22,post_merger_merging_22,se_pmm_22,pval_pmm_22,post_merger_23,se_pm_23,pval_pm_23,post_merger_merging_23,se_pmm_23,pval_pmm_23,post_merger_24,se_pm_24,pval_pm_24,post_merger_merging_24,se_pmm_24,pval_pmm_24,post_merger_25,se_pm_25,pval_pm_25,post_merger_merging_25,se_pmm_25,pval_pmm_25,post_merger_26,se_pm_26,pval_pm_26,post_merger_merging_26,se_pmm_26,pval_pmm_26,post_merger_27,se_pm_27,pval_pm_27,post_merger_merging_27,se_pmm_27,pval_pmm_27,post_merger_28,se_pm_28,pval_pm_28,post_merger_merging_28,se_pmm_28,pval_pmm_28,post_merger_29,se_pm_29,pval_pm_29,post_merger_merging_29,se_pmm_29,pval_pmm_29,post_merger_30,se_pm_30,pval_pm_30,post_merger_merging_30,se_pmm_30,pval_pmm_30,post_merger_31,se_pm_31,pval_pm_31,post_merger_merging_31,se_pmm_31,pval_pmm_31,post_merger_32,se_pm_32,pval_pm_32,post_merger_merging_32,se_pmm_32,pval_pmm_32,post_merger_33,se_pm_33,pval_pm_33,post_merger_merging_33,se_pmm_33,pval_pmm_33,post_merger_34,se_pm_34,pval_pm_34,post_merger_merging_34,se_pmm_34,pval_pmm_34,post_merger_35,se_pm_35,pval_pm_35,post_merger_merging_35,se_pmm_35,pval_pmm_35,post_merger_36,se_pm_36,pval_pm_36,post_merger_merging_36,se_pmm_36,pval_pmm_36,post_merger_37,se_pm_37,pval_pm_37,post_merger_merging_37,se_pmm_37,pval_pmm_37,post_merger_38,se_pm_38,pval_pm_38,post_merger_merging_38,se_pmm_38,pval_pmm_38,post_merger_39,se_pm_39,pval_pm_39,post_merger_merging_39,se_pmm_39,pval_pmm_39,post_merger_40,se_pm_40,pval_pm_40,post_merger_merging_40,se_pmm_40,pval_pmm_40,post_merger_41,se_pm_41,pval_pm_41,post_merger_merging_41,se_pmm_41,pval_pmm_41,post_merger_42,se_pm_42,pval_pm_42,post_merger_merging_42,se_pmm_42,pval_pmm_42,post_merger_43,se_pm_43,pval_pm_43,post_merger_merging_43,se_pmm_43,pval_pmm_43,post_merger_44,se_pm_44,pval_pm_44,post_merger_merging_44,se_pmm_44,pval_pmm_44,post_merger_45,se_pm_45,pval_pm_45,post_merger_merging_45,se_pmm_45,pval_pmm_45
0,m_1817013020_1,0.4906999218373829,0.5032017348558167,0.012501813017824116,-0.0241,0.0018399999999999998,0.0,0.133,0.00448,0.0,0.0347,0.0011099999999999999,0.0,0.0135,0.00137,0.0,,,,0.0133,0.00137,0.0,0.0204,0.00117,0.0,0.013,0.00137,0.0,0.0347,0.0011099999999999999,0.0,0.0138,0.0013599999999999999,0.0,-0.11900000000000001,0.0020399999999999997,0.0,0.228,0.00485,0.0,0.019,0.00128,0.0,0.0301,0.00156,0.0,,,,0.0295,0.00155,0.0,0.00489,0.00135,0.000386,0.0294,0.00155,0.0,0.0191,0.0012900000000000001,0.0,0.0302,0.00155,0.0,0.00594,0.00228,0.0098,,,,0.0376,0.00117,0.0,,,,,,,,,,0.0232,0.00122,0.0,,,,0.0382,0.00124,0.0,,,,0.0113,0.0056700000000000006,0.0472,,,,0.0038399999999999997,0.00525,0.465,,,,0.0022600000000000003,0.00202,0.263,,,,0.0537,0.00483,0.0,,,,0.0489,0.004379999999999999,0.0,,,,0.0376,0.00117,0.0,,,,,,,,,,,,,,,,,,,,,,0.0394,0.00488,0.0,,,,0.0469,0.00541,0.0,,,,0.0346,0.00443,0.0,,,,0.0411,0.00474,0.0,,,,0.0232,0.00122,0.0,,,,0.0382,0.00124,0.0,,,,-0.0236,0.0019100000000000002,0.0,0.133,0.00449,0.0,0.0346,0.00112,0.0,0.0135,0.00137,0.0,,,,0.0133,0.00137,0.0,0.0204,0.00117,0.0,0.013,0.00137,0.0,0.0346,0.00112,0.0,0.0138,0.0013599999999999999,0.0,-0.11900000000000001,0.0020399999999999997,0.0,0.228,0.00487,0.0,0.0189,0.0013,0.0,0.0301,0.00156,0.0,,,,0.0295,0.00155,0.0,0.00489,0.0013599999999999999,0.000396,0.0294,0.00155,0.0,0.019,0.0013,0.0,0.0302,0.00155,0.0,0.00687,0.00229,0.00307,,,,0.0375,0.00119,0.0,,,,,,,,,,0.0232,0.00123,0.0,,,,0.0379,0.00126,0.0,,,
1,m_1863014020_1,0.21918798003621007,0.2206004588003532,0.001412478764221648,-0.152,0.00161,0.0,0.494,0.0037799999999999995,0.0,-0.0258,0.000907,0.0,-0.00606,0.00121,1.11e-06,,,,-0.006659999999999999,0.00121,1.0199999999999999e-07,-0.0105,0.000982,0.0,-0.006529999999999999,0.0012,1.65e-07,-0.0257,0.000908,0.0,-0.00624,0.00121,5.79e-07,-0.429,0.00244,0.0,0.772,0.0041,0.0,-0.0205,0.00119,0.0,-0.0115,0.00146,0.0,,,,-0.012,0.00145,0.0,-0.00526,0.00118,1.3500000000000001e-05,-0.0119,0.00146,0.0,-0.0201,0.00119,0.0,-0.012,0.00146,0.0,-0.0386,0.00758,8.15e-07,,,,-0.027,0.0015400000000000001,0.0,,,,,,,,,,-0.012,0.00156,0.0,,,,-0.0271,0.00145,0.0,,,,-0.0327,0.0070799999999999995,6.78e-06,,,,-0.0415,0.006220000000000001,2.41e-10,,,,-0.0391,0.00314,0.0,,,,-0.0314,0.00436,0.0,,,,-0.0311,0.0037600000000000003,0.0,,,,-0.027,0.0015400000000000001,0.0,,,,,,,,,,,,,,,,,,,,,,-0.0163,0.00433,0.000218,,,,-0.0266,0.00414,8.699999999999999e-10,,,,-0.0159,0.00374,3.15e-05,,,,-0.0267,0.00367,0.0,,,,-0.012,0.00156,0.0,,,,-0.0271,0.00145,0.0,,,,-0.151,0.0016600000000000002,0.0,0.494,0.0037600000000000003,0.0,-0.026,0.000906,0.0,-0.00605,0.00121,1.18e-06,,,,-0.006659999999999999,0.00121,1.0199999999999999e-07,-0.0105,0.00099,0.0,-0.006529999999999999,0.0012,1.65e-07,-0.026,0.000909,0.0,-0.006220000000000001,0.00121,6.3e-07,-0.428,0.00243,0.0,0.772,0.00409,0.0,-0.0207,0.00118,0.0,-0.0115,0.00146,0.0,,,,-0.012,0.00145,0.0,-0.00524,0.00119,1.65e-05,-0.0119,0.00146,0.0,-0.0204,0.00118,0.0,-0.012,0.00146,0.0,-0.0445,0.00713,2.43e-09,,,,-0.0275,0.0015300000000000001,0.0,,,,,,,,,,-0.0119,0.00156,0.0,,,,-0.0274,0.00145,0.0,,,
2,m_1973045020_2,0.4359815553420671,0.4501653420847314,0.014183786743458032,0.0906,0.00195,0.0,-0.0579,0.00288,0.0,0.0532,0.0012900000000000001,0.0,-0.0028,0.00156,0.0733,,,,-0.00386,0.00157,0.0147,0.0501,0.0012900000000000001,0.0,-0.00292,0.00156,0.0619,0.0534,0.0012900000000000001,0.0,-0.00318,0.00156,0.0432,0.0846,0.00455,0.0,-0.0533,0.00499,0.0,0.0292,0.0016899999999999999,0.0,0.0155,0.0016899999999999999,0.0,,,,0.015,0.0017,0.0,0.0269,0.0017,0.0,0.0151,0.0017,0.0,0.0296,0.0016899999999999999,0.0,0.015,0.0017,0.0,0.065,0.00386,0.0,,,,0.0543,0.00214,0.0,,,,,,,,,,0.0512,0.00213,0.0,,,,0.0498,0.0019399999999999999,0.0,,,,0.0625,0.0158,0.000106,,,,0.0677,0.0162,4.3e-05,,,,0.054,0.00253,0.0,,,,0.00867,0.0156,0.579,,,,0.00411,0.0152,0.7879999999999999,,,,0.0543,0.00214,0.0,,,,,,,,,,,,,,,,,,,,,,0.00541,0.0155,0.728,,,,0.0337,0.0185,0.0696,,,,0.0008349999999999999,0.0152,0.956,,,,0.0383,0.0179,0.0336,,,,0.0512,0.00213,0.0,,,,0.0498,0.0019399999999999999,0.0,,,,0.0905,0.00196,0.0,-0.0579,0.0028699999999999997,0.0,0.0532,0.0012900000000000001,0.0,-0.00281,0.00156,0.0729,,,,-0.00387,0.00157,0.0147,0.0501,0.0012900000000000001,0.0,-0.00293,0.00156,0.0618,0.0535,0.0012900000000000001,0.0,-0.0031899999999999997,0.00156,0.0423,0.0844,0.00457,0.0,-0.0532,0.005,0.0,0.0292,0.00168,0.0,0.0154,0.0016899999999999999,0.0,,,,0.015,0.0017,0.0,0.0269,0.0017,0.0,0.0151,0.0017,0.0,0.0296,0.0016899999999999999,0.0,0.015,0.0017,0.0,0.0667,0.0037600000000000003,0.0,,,,0.0544,0.00214,0.0,,,,,,,,,,0.0512,0.00213,0.0,,,,0.05,0.00197,0.0,,,
3,m_2105747040_2,0.4252927962612328,0.4257304662635845,0.00043767000256829776,-0.0161,0.00128,0.0,0.0531,0.00198,0.0,-0.0279,0.0007610000000000001,0.0,0.02,0.0012900000000000001,0.0,,,,0.0184,0.0012900000000000001,0.0,-0.0277,0.0008179999999999999,0.0,0.02,0.0012900000000000001,0.0,-0.028,0.0007610000000000001,0.0,0.0201,0.00128,0.0,-0.0016300000000000002,0.0072900000000000005,0.823,0.0387,0.00798,2.41e-06,-0.0308,0.00282,0.0,0.0228,0.0033399999999999997,1.08e-10,,,,0.0222,0.00335,3.21e-10,-0.0305,0.0028399999999999996,0.0,0.0228,0.0033399999999999997,9.770000000000001e-11,-0.0305,0.0028,0.0,0.0225,0.0033200000000000005,1.1599999999999999e-10,0.004079999999999999,0.00195,0.0376,,,,-0.0213,0.0009599999999999999,0.0,,,,,,,,,,-0.021,0.001,0.0,,,,-0.0225,0.0008210000000000001,0.0,,,,0.0529,0.0234,0.0249,,,,0.0469,0.0233,0.046,,,,0.00185,0.00141,0.19,,,,0.005529999999999999,0.0159,0.728,,,,0.00285,0.0159,0.858,,,,-0.0213,0.0009599999999999999,0.0,,,,,,,,,,,,,,,,,,,,,,0.00586,0.0159,0.7120000000000001,,,,-0.0382,0.0113,0.000866,,,,0.0031899999999999997,0.016,0.8420000000000001,,,,-0.0358,0.0108,0.00114,,,,-0.021,0.001,0.0,,,,-0.0225,0.0008210000000000001,0.0,,,,-0.0165,0.00132,0.0,0.0531,0.00198,0.0,-0.0279,0.000782,0.0,0.02,0.0012900000000000001,0.0,,,,0.0184,0.0012900000000000001,0.0,-0.0276,0.0008300000000000001,0.0,0.02,0.0012900000000000001,0.0,-0.028,0.000788,0.0,0.0201,0.00128,0.0,-0.00201,0.0073,0.784,0.0387,0.00798,2.48e-06,-0.0307,0.00282,0.0,0.0227,0.0033399999999999997,1.08e-10,,,,0.0222,0.00335,3.19e-10,-0.0305,0.0028399999999999996,0.0,0.0228,0.0033399999999999997,9.820000000000001e-11,-0.0305,0.00282,0.0,0.0225,0.0033200000000000005,1.1599999999999999e-10,0.0036,0.00195,0.0669,,,,-0.0212,0.0009689999999999999,0.0,,,,,,,,,,-0.021,0.00101,0.0,,,,-0.0225,0.000833,0.0,,,
4,m_2129407020_16,0.15796049829029354,0.15877196120004833,0.0008114629092827128,-0.0375,0.00095,0.0,-0.127,0.0031100000000000004,0.0,-0.0435,0.000956,0.0,0.0030399999999999997,0.00205,0.14,,,,0.0028699999999999997,0.0020399999999999997,0.162,-0.0484,0.000981,0.0,0.0029,0.00205,0.159,-0.0434,0.000956,0.0,0.0027,0.0020399999999999997,0.18600000000000003,-0.0792,0.00115,0.0,-0.085,0.0032,0.0,-0.0426,0.00114,0.0,0.00218,0.0020399999999999997,0.287,,,,0.0018899999999999998,0.00203,0.354,-0.0475,0.00116,0.0,0.00201,0.0020399999999999997,0.325,-0.0425,0.0011300000000000001,0.0,0.0017699999999999999,0.00205,0.38799999999999996,-0.0532,0.00355,0.0,,,,-0.045,0.0015300000000000001,0.0,,,,,,,,,,-0.0499,0.0015300000000000001,0.0,,,,-0.0415,0.0015,0.0,,,,-0.0448,0.0101,1.4300000000000002e-05,,,,-0.0403,0.0103,0.000125,,,,-0.0463,0.00172,0.0,,,,-0.0543,0.00883,4.0600000000000005e-09,,,,-0.0509,0.0092,9.64e-08,,,,-0.045,0.0015300000000000001,0.0,,,,,,,,,,,,,,,,,,,,,,-0.0593,0.00884,1.97e-10,,,,-0.0264,0.00909,0.0041,,,,-0.0559,0.00923,6.57e-09,,,,-0.0303,0.008409999999999999,0.000407,,,,-0.0499,0.0015300000000000001,0.0,,,,-0.0415,0.0015,0.0,,,,-0.0373,0.000976,0.0,-0.127,0.0031100000000000004,0.0,-0.0433,0.000967,0.0,0.0030399999999999997,0.00205,0.14,,,,0.0028699999999999997,0.0020399999999999997,0.162,-0.0482,0.000995,0.0,0.0029,0.00205,0.159,-0.0433,0.0009609999999999999,0.0,0.0027,0.0020399999999999997,0.187,-0.0791,0.00118,0.0,-0.0849,0.0032,0.0,-0.0425,0.00115,0.0,0.00217,0.0020399999999999997,0.289,,,,0.0018800000000000002,0.00203,0.355,-0.0474,0.00117,0.0,0.00201,0.0020399999999999997,0.327,-0.0424,0.00114,0.0,0.00176,0.00205,0.39,-0.0529,0.00359,0.0,,,,-0.0447,0.0015400000000000001,0.0,,,,,,,,,,-0.0497,0.0015300000000000001,0.0,,,,-0.0413,0.00149,0.0,,,
5,m_2143743020_1,0.11631648592387635,0.1348826120569703,0.018566126133642752,-0.0763,0.00117,0.0,0.10800000000000001,0.00165,0.0,-0.0426,0.000958,0.0,0.00665,0.0012699999999999999,4.21e-07,,,,0.0061200000000000004,0.0012699999999999999,2.98e-06,-0.0409,0.00101,0.0,0.0066099999999999996,0.0012699999999999999,4.5899999999999997e-07,-0.0425,0.000956,0.0,0.00632,0.00126,1.23e-06,-0.11,0.0013800000000000002,0.0,0.142,0.0018100000000000002,0.0,-0.0371,0.00106,0.0,0.00224,0.0013,0.0868,,,,0.00216,0.0013,0.0997,-0.0355,0.00112,0.0,0.00224,0.0013,0.0865,-0.0371,0.00105,0.0,0.0019399999999999999,0.0012900000000000001,0.135,-0.05,0.0028,0.0,,,,-0.0373,0.0011300000000000001,0.0,,,,,,,,,,-0.0356,0.00117,0.0,,,,-0.0415,0.0009599999999999999,0.0,,,,-0.0595,0.00645,0.0,,,,-0.0598,0.00643,0.0,,,,-0.0402,0.00125,0.0,,,,-0.0611,0.00586,0.0,,,,-0.0622,0.00543,0.0,,,,-0.0373,0.0011300000000000001,0.0,,,,,,,,,,,,,,,,,,,,,,-0.0593,0.00588,0.0,,,,-0.0557,0.00475,0.0,,,,-0.0605,0.0054600000000000004,0.0,,,,-0.0556,0.00507,0.0,,,,-0.0356,0.00117,0.0,,,,-0.0415,0.0009599999999999999,0.0,,,,-0.0763,0.00118,0.0,0.10800000000000001,0.00165,0.0,-0.0424,0.000956,0.0,0.00663,0.0012699999999999999,4.45e-07,,,,0.00611,0.0012699999999999999,3.1e-06,-0.0408,0.001,0.0,0.0066,0.0012699999999999999,4.839999999999999e-07,-0.0424,0.0009519999999999999,0.0,0.00632,0.00126,1.23e-06,-0.11,0.00139,0.0,0.142,0.0018100000000000002,0.0,-0.037,0.00105,0.0,0.00223,0.0013,0.0886,,,,0.00215,0.0013,0.10099999999999999,-0.0354,0.0011099999999999999,0.0,0.00223,0.0013,0.0883,-0.037,0.00105,0.0,0.0019399999999999999,0.0012900000000000001,0.135,-0.05,0.00279,0.0,,,,-0.0373,0.00112,0.0,,,,,,,,,,-0.0356,0.00117,0.0,,,,-0.0414,0.000956,0.0,,,
6,m_2194164020_1,0.2705833948617067,0.27632996754208283,0.005746572679271793,0.0142,0.0015199999999999999,0.0,-0.0641,0.00262,0.0,0.0058,0.0012699999999999999,8.37e-06,0.0238,0.00214,0.0,,,,0.0238,0.00213,0.0,0.0111,0.00133,0.0,0.0239,0.00214,0.0,0.00575,0.0012699999999999999,1.06e-05,0.0235,0.0021,0.0,-0.0263,0.0027,0.0,-0.0227,0.00373,5.6399999999999995e-09,0.0007509999999999999,0.00133,0.573,0.029,0.00228,0.0,,,,0.029,0.00228,0.0,0.00602,0.00137,1.89e-05,0.0291,0.00228,0.0,0.000563,0.00133,0.6729999999999999,0.0288,0.0022600000000000003,0.0,0.00596,0.00473,0.209,,,,0.0134,0.00245,1.24e-07,,,,,,,,,,0.0187,0.00246,0.0,,,,0.014,0.00214,5.62e-10,,,,0.122,0.0179,1.17e-10,,,,0.0727,0.0119,5.03e-09,,,,0.005229999999999999,0.0025399999999999997,0.0405,,,,0.10300000000000001,0.019,1.5e-07,,,,0.0556,0.0119,4.96e-06,,,,0.0134,0.00245,1.24e-07,,,,,,,,,,,,,,,,,,,,,,0.109,0.019,3.53e-08,,,,-0.0041600000000000005,0.0151,0.7829999999999999,,,,0.061,0.0118,6.02e-07,,,,-0.0133,0.00866,0.127,,,,0.0187,0.00246,0.0,,,,0.014,0.00214,5.62e-10,,,,0.014,0.00159,0.0,-0.0641,0.00262,0.0,0.00563,0.00128,1.77e-05,0.0238,0.00214,0.0,,,,0.0239,0.00214,0.0,0.0109,0.00134,0.0,0.0239,0.00214,0.0,0.00556,0.00128,2.15e-05,0.0235,0.0021100000000000003,0.0,-0.0265,0.00277,0.0,-0.0227,0.00373,5.3e-09,0.0005679999999999999,0.00134,0.672,0.0291,0.00229,0.0,,,,0.0291,0.00228,0.0,0.00584,0.0013800000000000002,3.570000000000001e-05,0.0291,0.00229,0.0,0.000367,0.00134,0.784,0.0289,0.0022600000000000003,0.0,0.00543,0.00471,0.25,,,,0.0132,0.00247,2.19e-07,,,,,,,,,,0.0185,0.00248,0.0,,,,0.0138,0.00214,8.830000000000001e-10,,,
7,m_2194164020_2,0.2037932852977386,0.20286805712421527,-0.0009252281735203838,-0.0195,0.00251,0.0,0.00392,0.0045,0.385,0.00499,0.00197,0.012,-0.0244,0.00728,0.0009689999999999999,,,,-0.0252,0.00718,0.0005549999999999999,0.0126,0.00195,7.25e-10,-0.0245,0.007259999999999999,0.000884,0.005520000000000001,0.00195,0.0051600000000000005,-0.0239,0.0072900000000000005,0.00126,0.0519,0.00372,0.0,-0.0634,0.00395,0.0,0.0028699999999999997,0.00203,0.158,-0.0225,0.00734,0.00244,,,,-0.0234,0.007240000000000001,0.0014199999999999998,0.0105,0.00199,3.38e-07,-0.0227,0.00732,0.00223,0.0044399999999999995,0.00209,0.0352,-0.023,0.007379999999999999,0.00213,-0.0216,0.0027199999999999998,0.0,,,,0.00512,0.00201,0.0115,,,,,,,,,,0.0127,0.00199,1.19e-09,,,,0.00511,0.002,0.0115,,,,0.0197,0.015,0.191,,,,0.0301,0.0143,0.0369,,,,-0.0219,0.0027,0.0,,,,0.0374,0.0108,0.000644,,,,0.0301,0.0105,0.00479,,,,0.00512,0.00201,0.0115,,,,,,,,,,,,,,,,,,,,,,0.0449,0.0107,4.26e-05,,,,0.0292,0.00825,0.000505,,,,0.0376,0.0105,0.000426,,,,0.0258,0.00796,0.00139,,,,0.0127,0.00199,1.19e-09,,,,0.00511,0.002,0.0115,,,,-0.0195,0.00253,0.0,0.00392,0.0045,0.385,0.00477,0.00197,0.016,-0.0242,0.00728,0.00106,,,,-0.025,0.00719,0.000614,0.0123,0.00195,1.45e-09,-0.0243,0.00727,0.000975,0.00535,0.00195,0.00663,-0.0237,0.0073,0.0013599999999999999,0.0517,0.00374,0.0,-0.0634,0.00395,0.0,0.00265,0.00202,0.19,-0.0223,0.00734,0.00265,,,,-0.0232,0.007240000000000001,0.00157,0.0102,0.00198,5.58e-07,-0.0225,0.00732,0.00244,0.00426,0.0020800000000000003,0.0423,-0.0228,0.007379999999999999,0.0023,-0.0217,0.0027300000000000002,0.0,,,,0.00492,0.002,0.0148,,,,,,,,,,0.0125,0.00199,2.15e-09,,,,0.00496,0.002,0.0139,,,
8,m_2203820020_1,0.3098013323497064,0.3338130976243502,0.02401176527483977,-0.00307,0.00405,0.449,0.0994,0.009009999999999999,0.0,0.0319,0.00115,0.0,-0.011,0.0021899999999999997,9.72e-07,,,,-0.0109,0.00217,1.12e-06,0.0253,0.00122,0.0,-0.0111,0.00218,9.13e-07,0.0315,0.0011300000000000001,0.0,-0.00944,0.00217,2.11e-05,0.205,0.0033200000000000005,0.0,-0.10800000000000001,0.0056,0.0,0.0336,0.00156,0.0,-0.0127,0.0021,6.779999999999999e-09,,,,-0.0124,0.00209,1.3899999999999999e-08,0.0271,0.00162,0.0,-0.0128,0.0021,5.25e-09,0.0329,0.00157,0.0,-0.0108,0.00206,3.4e-07,0.0334,0.00346,0.0,,,,0.0291,0.00165,0.0,,,,,,,,,,0.0225,0.0016699999999999998,0.0,,,,0.027,0.0017100000000000001,0.0,,,,0.0529,0.00732,0.0,,,,0.0498,0.006959999999999999,0.0,,,,0.0319,0.00259,0.0,,,,0.0478,0.00506,0.0,,,,0.0475,0.00491,0.0,,,,0.0291,0.00165,0.0,,,,,,,,,,,,,,,,,,,,,,0.0411,0.00504,0.0,,,,0.0415,0.0057399999999999994,0.0,,,,0.0408,0.0049,0.0,,,,0.0427,0.00579,0.0,,,,0.0225,0.0016699999999999998,0.0,,,,0.027,0.0017100000000000001,0.0,,,,-0.00476,0.00414,0.252,0.0995,0.00899,0.0,0.0317,0.00119,0.0,-0.0111,0.0021899999999999997,9.53e-07,,,,-0.0109,0.00216,1.09e-06,0.0251,0.00125,0.0,-0.0111,0.00218,8.97e-07,0.0312,0.00119,0.0,-0.00945,0.00217,2.11e-05,0.203,0.00336,0.0,-0.10800000000000001,0.0055899999999999995,0.0,0.0334,0.00157,0.0,-0.0128,0.0021100000000000003,7.0400000000000005e-09,,,,-0.0124,0.00209,1.37e-08,0.0269,0.00162,0.0,-0.0128,0.0021100000000000003,5.489999999999999e-09,0.0326,0.0016,0.0,-0.0108,0.00206,3.45e-07,0.0323,0.00346,0.0,,,,0.0289,0.0016699999999999998,0.0,,,,,,,,,,0.0223,0.0017,0.0,,,,0.0267,0.00176,0.0,,,
9,m_2203820020_2,0.5314188279978347,0.5366280145972326,0.005209186599405875,-0.0454,0.00435,0.0,0.29100000000000004,0.00778,0.0,0.0494,0.00143,0.0,0.0168,0.0028399999999999996,1.3899999999999999e-08,,,,0.0148,0.00285,5e-07,0.0124,0.0016300000000000002,0.0,0.015,0.00282,2.73e-07,0.049,0.00143,0.0,0.0186,0.00285,4.6e-10,0.161,0.00521,0.0,0.0862,0.00743,0.0,0.0421,0.0017699999999999999,0.0,0.0241,0.0029,0.0,,,,0.0218,0.00292,0.0,0.00539,0.00201,0.00801,0.0222,0.00288,0.0,0.0419,0.00179,0.0,0.0259,0.0029,0.0,0.0338,0.00282,0.0,,,,0.0546,0.00148,0.0,,,,,,,,,,0.0172,0.0016,0.0,,,,0.0526,0.00144,0.0,,,,0.0237,0.00979,0.0163,,,,0.0136,0.009290000000000001,0.146,,,,0.0382,0.00277,0.0,,,,0.0673,0.00659,0.0,,,,0.0645,0.00632,0.0,,,,0.0546,0.00148,0.0,,,,,,,,,,,,,,,,,,,,,,0.0298,0.00674,1.59e-05,,,,0.0558,0.00526,0.0,,,,0.0266,0.006490000000000001,5.920000000000001e-05,,,,0.0607,0.0054600000000000004,0.0,,,,0.0172,0.0016,0.0,,,,0.0526,0.00144,0.0,,,,-0.0463,0.00451,0.0,0.29100000000000004,0.00777,0.0,0.0497,0.00148,0.0,0.0168,0.0028399999999999996,1.3e-08,,,,0.0149,0.00285,4.43e-07,0.0128,0.00168,0.0,0.015,0.00282,2.5e-07,0.0491,0.00151,0.0,0.0186,0.00285,4.6399999999999995e-10,0.159,0.00534,0.0,0.0861,0.007390000000000001,0.0,0.0424,0.00182,0.0,0.0241,0.0028899999999999998,0.0,,,,0.0218,0.00292,0.0,0.00576,0.00206,0.00565,0.0222,0.00288,0.0,0.0419,0.00187,0.0,0.0259,0.0029,0.0,0.033,0.00295,0.0,,,,0.0548,0.00151,0.0,,,,,,,,,,0.0175,0.0016300000000000002,0.0,,,,0.0527,0.0015,0.0,,,
10,m_2203820020_3,0.24038554215875496,0.25855535811019514,0.01816981595153144,-0.0294,0.00499,1.55e-08,0.0957,0.0102,0.0,0.0265,0.00215,0.0,0.00317,0.00249,0.204,,,,0.0027600000000000003,0.00249,0.26899999999999996,0.0369,0.0019100000000000002,0.0,0.00312,0.00249,0.213,0.026,0.00214,0.0,0.0039299999999999995,0.00245,0.11,0.14,0.0043100000000000005,0.0,-0.0745,0.00635,0.0,0.0349,0.00205,0.0,-0.00519,0.00249,0.0385,,,,-0.0051600000000000005,0.00248,0.0386,0.0451,0.0019399999999999999,0.0,-0.00509,0.00249,0.0422,0.0337,0.00199,0.0,-0.00349,0.00247,0.159,-0.00673,0.00462,0.147,,,,0.0289,0.0022600000000000003,0.0,,,,,,,,,,0.0393,0.00202,0.0,,,,0.0285,0.0024,0.0,,,,-0.008,0.00687,0.245,,,,-0.007859999999999999,0.0069,0.256,,,,-0.00912,0.0035,0.009909999999999999,,,,0.0432,0.0054,0.0,,,,0.0428,0.00556,0.0,,,,0.0289,0.0022600000000000003,0.0,,,,,,,,,,,,,,,,,,,,,,0.0534,0.00533,0.0,,,,0.0374,0.005529999999999999,1.3899999999999999e-10,,,,0.053,0.0055,0.0,,,,0.037,0.00558,3.05e-10,,,,0.0393,0.00202,0.0,,,,0.0285,0.0024,0.0,,,,-0.0301,0.0050799999999999994,1.27e-08,0.0956,0.0102,0.0,0.0267,0.00215,0.0,0.0031899999999999997,0.00249,0.20199999999999999,,,,0.00277,0.00249,0.267,0.0371,0.0019100000000000002,0.0,0.00313,0.00249,0.21100000000000002,0.0262,0.00214,0.0,0.0039299999999999995,0.00245,0.11,0.14,0.00448,0.0,-0.0746,0.00634,0.0,0.0351,0.00206,0.0,-0.00517,0.00249,0.0391,,,,-0.00514,0.00248,0.0391,0.0452,0.00195,0.0,-0.00507,0.00249,0.0427,0.0339,0.002,0.0,-0.00349,0.00247,0.159,-0.007490000000000001,0.0047799999999999995,0.11900000000000001,,,,0.0291,0.0022600000000000003,0.0,,,,,,,,,,0.0394,0.00202,0.0,,,,0.0287,0.0023899999999999998,0.0,,,
11,m_2203820020_4,0.3768981090705675,0.3768981090705675,8.365902988187326e-19,-0.000699,0.0024,0.7709999999999999,0.196,0.00705,0.0,0.0394,0.00155,0.0,-0.0208,0.00305,9.679999999999999e-11,,,,-0.0221,0.0030399999999999997,0.0,0.0284,0.0016300000000000002,0.0,-0.0208,0.00305,1.1e-10,0.0389,0.0015,0.0,-0.0204,0.0030600000000000002,2.23e-10,0.162,0.0041,0.0,0.028,0.005679999999999999,1.74e-06,0.0471,0.00203,0.0,-0.0284,0.00294,0.0,,,,-0.0304,0.00294,0.0,0.0362,0.0022199999999999998,0.0,-0.0285,0.00294,0.0,0.0466,0.00201,0.0,-0.0279,0.00299,0.0,0.0472,0.00196,0.0,,,,0.0338,0.0013599999999999999,0.0,,,,,,,,,,0.0228,0.0015400000000000001,0.0,,,,0.0334,0.00135,0.0,,,,0.0705,0.00686,0.0,,,,0.0705,0.00686,0.0,,,,0.0472,0.00196,0.0,,,,0.0357,0.0044399999999999995,0.0,,,,0.0357,0.0044399999999999995,0.0,,,,0.0338,0.0013599999999999999,0.0,,,,,,,,,,,,,,,,,,,,,,0.0246,0.00449,1.31e-07,,,,0.043,0.0036200000000000004,0.0,,,,0.0246,0.00449,1.31e-07,,,,0.043,0.0036200000000000004,0.0,,,,0.0228,0.0015400000000000001,0.0,,,,0.0334,0.00135,0.0,,,,0.00147,0.00256,0.5660000000000001,0.196,0.00701,0.0,0.0389,0.00158,0.0,-0.0209,0.0030600000000000002,9.629999999999999e-11,,,,-0.0221,0.0030399999999999997,0.0,0.0279,0.0016600000000000002,0.0,-0.0208,0.0030600000000000002,1.09e-10,0.0384,0.0015400000000000001,0.0,-0.0205,0.0030600000000000002,2.0799999999999998e-10,0.163,0.00409,0.0,0.0287,0.0056700000000000006,9.090000000000001e-07,0.0467,0.00205,0.0,-0.0285,0.00295,0.0,,,,-0.0304,0.00294,0.0,0.0358,0.00225,0.0,-0.0286,0.00295,0.0,0.0462,0.0020399999999999997,0.0,-0.028,0.00299,0.0,0.0492,0.00215,0.0,,,,0.0333,0.00139,0.0,,,,,,,,,,0.0223,0.00158,0.0,,,,0.0329,0.0014,0.0,,,
12,m_2223711020_1,0.2970954872732568,0.556500063653166,0.2594045763796502,0.141,0.00331,0.0,-0.215,0.0034200000000000003,0.0,-0.0256,0.00124,0.0,0.0267,0.00124,0.0,,,,0.0294,0.00125,0.0,-0.0214,0.00117,0.0,0.0263,0.00124,0.0,-0.0255,0.00124,0.0,0.0266,0.00124,0.0,-0.125,0.0036200000000000004,0.0,0.0481,0.0035299999999999997,0.0,-0.0302,0.0015199999999999999,0.0,0.0312,0.00158,0.0,,,,0.0346,0.00159,0.0,-0.0259,0.00145,0.0,0.0307,0.00158,0.0,-0.0301,0.0015199999999999999,0.0,0.031,0.00158,0.0,0.146,0.0182,0.0,,,,0.0376,0.00895,3.98e-05,,,,,,,,,,0.0414,0.00897,7.05e-06,,,,0.0458,0.007390000000000001,3.09e-09,,,,0.0741,0.0118,2.09e-09,,,,0.09,0.0108,0.0,,,,0.0812,0.00899,0.0,,,,0.01,0.0121,0.409,,,,0.0362,0.0114,0.00182,,,,0.0376,0.00895,3.98e-05,,,,,,,,,,,,,,,,,,,,,,0.0137,0.0121,0.259,,,,0.074,0.00953,0.0,,,,0.0399,0.0115,0.00061,,,,0.065,0.00864,0.0,,,,0.0414,0.00897,7.05e-06,,,,0.0458,0.007390000000000001,3.09e-09,,,,0.141,0.0033299999999999996,0.0,-0.215,0.0034100000000000003,0.0,-0.0257,0.0012900000000000001,0.0,0.0268,0.00124,0.0,,,,0.0294,0.00125,0.0,-0.0215,0.00121,0.0,0.0263,0.00124,0.0,-0.0256,0.0012699999999999999,0.0,0.0266,0.00124,0.0,-0.125,0.00366,0.0,0.0483,0.00352,0.0,-0.0303,0.00157,0.0,0.0312,0.00158,0.0,,,,0.0346,0.00159,0.0,-0.0261,0.00149,0.0,0.0308,0.00158,0.0,-0.0302,0.00156,0.0,0.0311,0.00158,0.0,0.13699999999999998,0.0181,0.0,,,,0.0385,0.00916,3.9e-05,,,,,,,,,,0.0421,0.00914,7.22e-06,,,,0.0469,0.00746,1.99e-09,,,
13,m_2223711020_5,0.26327321015208416,0.26347996774760674,0.00020675759546143522,0.0791,0.00606,0.0,-0.534,0.00869,0.0,-0.0024,0.00435,0.5820000000000001,0.126,0.006790000000000001,0.0,,,,0.121,0.00673,0.0,-0.00728,0.00454,0.111,0.126,0.006790000000000001,0.0,-0.0028899999999999998,0.00432,0.504,0.12,0.00665,0.0,0.0387,0.0068,4.1699999999999996e-08,-0.494,0.0111,0.0,-0.0372,0.0056700000000000006,4.4100000000000003e-10,0.166,0.00845,0.0,,,,0.161,0.00839,0.0,-0.0423,0.00581,0.0,0.166,0.008440000000000001,0.0,-0.0358,0.0054399999999999995,3.63e-10,0.158,0.00807,0.0,0.0314,0.0063,1.3e-06,,,,-0.000549,0.004520000000000001,0.903,,,,,,,,,,-0.00524,0.0046700000000000005,0.263,,,,0.0028399999999999996,0.0044399999999999995,0.522,,,,-0.00545,0.0336,0.871,,,,0.005229999999999999,0.0341,0.878,,,,0.028,0.00583,2.91e-06,,,,-0.0352,0.0357,0.325,,,,-0.027,0.0347,0.436,,,,-0.000549,0.004520000000000001,0.903,,,,,,,,,,,,,,,,,,,,,,-0.0395,0.0357,0.271,,,,0.00943,0.026,0.718,,,,-0.0314,0.0347,0.36700000000000005,,,,0.0122,0.0258,0.637,,,,-0.00524,0.0046700000000000005,0.263,,,,0.0028399999999999996,0.0044399999999999995,0.522,,,,0.0787,0.0059700000000000005,0.0,-0.534,0.00869,0.0,-0.0026,0.0043,0.545,0.126,0.00677,0.0,,,,0.121,0.00673,0.0,-0.00762,0.0045,0.0916,0.126,0.0067599999999999995,0.0,-0.00307,0.00427,0.473,0.12,0.00663,0.0,0.0381,0.0067,4.28e-08,-0.494,0.0111,0.0,-0.0373,0.00561,2.66e-10,0.165,0.00842,0.0,,,,0.16,0.00838,0.0,-0.0425,0.00576,0.0,0.165,0.00842,0.0,-0.036,0.00539,2.17e-10,0.158,0.00805,0.0,0.031,0.00619,1.2e-06,,,,-0.00072,0.00443,0.871,,,,,,,,,,-0.00555,0.0045899999999999995,0.228,,,,0.0026,0.004379999999999999,0.5539999999999999,,,
14,m_2388515020_1,0.2690828944734752,0.28069524098747994,0.011612346514338406,-0.0009050000000000001,0.0012900000000000001,0.485,-0.0185,0.00427,2.36e-05,-0.0151,0.00109,0.0,0.0145,0.00218,2.83e-10,,,,0.0144,0.00221,4.76e-10,-0.0115,0.00101,0.0,0.0146,0.0021899999999999997,2.54e-10,-0.0151,0.00109,0.0,0.0143,0.0021899999999999997,4.51e-10,-0.11699999999999999,0.0018100000000000002,0.0,0.093,0.00447,0.0,-0.009,0.0014,8.25e-10,0.009170000000000001,0.00223,5.489999999999999e-05,,,,0.00895,0.00225,9.790000000000001e-05,-0.00511,0.00132,0.000152,0.00911,0.00223,6.459999999999998e-05,-0.00892,0.00139,1.0499999999999999e-09,0.00895,0.00223,8.62e-05,-0.0232,0.00449,5.8e-07,,,,-0.0164,0.0027199999999999998,7.640000000000001e-09,,,,,,,,,,-0.0128,0.00275,5.52e-06,,,,-0.017,0.00238,0.0,,,,-0.0191,0.0144,0.188,,,,-0.0119,0.00936,0.20600000000000002,,,,-0.007490000000000001,0.00263,0.00486,,,,-0.0488,0.00892,1.32e-07,,,,-0.0368,0.00735,1.19e-06,,,,-0.0164,0.0027199999999999998,7.640000000000001e-09,,,,,,,,,,,,,,,,,,,,,,-0.0452,0.00889,8.42e-07,,,,-0.04,0.00863,6.2e-06,,,,-0.0332,0.0072900000000000005,9.08e-06,,,,-0.0284,0.007509999999999999,0.000204,,,,-0.0128,0.00275,5.52e-06,,,,-0.017,0.00238,0.0,,,,-0.00109,0.00131,0.405,-0.0184,0.00427,2.45e-05,-0.0151,0.0011,0.0,0.0145,0.00218,2.38e-10,,,,0.0145,0.0022,3.9100000000000005e-10,-0.0115,0.0010199999999999999,0.0,0.0146,0.0021899999999999997,2.1399999999999998e-10,-0.0151,0.0011,0.0,0.0144,0.00218,3.86e-10,-0.11699999999999999,0.00182,0.0,0.0931,0.00446,0.0,-0.00908,0.0014,6.35e-10,0.00922,0.0022199999999999998,4.8599999999999995e-05,,,,0.009,0.00225,8.53e-05,-0.00519,0.00133,0.000128,0.00915,0.00223,5.720000000000001e-05,-0.009,0.0014,8.160000000000001e-10,0.00899,0.00223,7.709999999999999e-05,-0.0234,0.00451,4.99e-07,,,,-0.0165,0.0027199999999999998,5.8799999999999995e-09,,,,,,,,,,-0.0129,0.00275,4.64e-06,,,,-0.0171,0.00238,0.0,,,
15,m_2614332020_1,0.4816527648285391,0.4981151687662028,0.016462403937603544,0.0291,0.00262,0.0,-0.0313,0.0013800000000000002,0.0,0.0146,0.00252,2.75e-08,0.00946,0.000997,0.0,,,,0.00942,0.000998,0.0,0.0152,0.00267,4.54e-08,0.00946,0.000997,0.0,0.0147,0.00252,2.19e-08,0.0093,0.001,0.0,-0.023,0.00305,0.0,0.0211,0.00242,0.0,0.0153,0.00292,4.14e-07,0.008759999999999999,0.00144,6.22e-09,,,,0.00856,0.00145,1.37e-08,0.0159,0.0030600000000000002,5.12e-07,0.00877,0.00144,6.03e-09,0.0152,0.0029,3.7700000000000005e-07,0.00873,0.00145,7.71e-09,-0.0128,0.0117,0.27399999999999997,,,,0.026,0.00457,4.42e-08,,,,,,,,,,0.0266,0.00469,4.83e-08,,,,0.0254,0.0038399999999999997,3.29e-10,,,,0.124,0.034,0.000327,,,,0.0634,0.0258,0.0149,,,,0.0269,0.00456,1.52e-08,,,,0.122,0.0336,0.000341,,,,0.0636,0.0254,0.0129,,,,0.026,0.00457,4.42e-08,,,,,,,,,,,,,,,,,,,,,,0.12300000000000001,0.0337,0.000325,,,,0.127,0.0287,1.6899999999999997e-05,,,,0.0642,0.0254,0.0122,,,,0.0701,0.0231,0.00265,,,,0.0266,0.00469,4.83e-08,,,,0.0254,0.0038399999999999997,3.29e-10,,,,0.0256,0.00336,0.0,-0.0313,0.0013800000000000002,0.0,0.0146,0.00256,4.1900000000000005e-08,0.00946,0.000998,0.0,,,,0.00943,0.000998,0.0,0.0152,0.00271,6.87e-08,0.00946,0.000997,0.0,0.0146,0.00256,4.35e-08,0.0093,0.001,0.0,-0.0266,0.00366,0.0,0.0211,0.00242,0.0,0.0153,0.00295,5.13e-07,0.00872,0.00144,6.609999999999999e-09,,,,0.00852,0.00144,1.46e-08,0.0159,0.0031,6.35e-07,0.00873,0.00144,6.4e-09,0.0152,0.00294,5.62e-07,0.00869,0.00145,8.240000000000001e-09,-0.0158,0.012,0.188,,,,0.026,0.0046,5.12e-08,,,,,,,,,,0.0266,0.00472,5.5800000000000003e-08,,,,0.0253,0.00386,4.76e-10,,,
16,m_2627167020_1,0.3351294241774052,0.3528777545438861,0.017748330367926817,-0.0331,0.00103,0.0,0.13,0.0019199999999999998,0.0,-0.00495,0.000732,1.4e-10,0.0201,0.0008470000000000001,0.0,,,,0.0199,0.000851,0.0,-0.00571,0.000772,0.0,0.02,0.0008470000000000001,0.0,-0.0049299999999999995,0.000733,1.72e-10,0.0197,0.000851,0.0,-0.235,0.0019399999999999999,0.0,0.33,0.00299,0.0,-0.00349,0.00101,0.000656,0.0186,0.0012900000000000001,0.0,,,,0.0183,0.0012900000000000001,0.0,-0.00428,0.00101,3.5799999999999996e-05,0.0186,0.0012900000000000001,0.0,-0.00292,0.00101,0.0044,0.0177,0.0012900000000000001,0.0,-0.00949,0.00355,0.00811,,,,-0.0069900000000000006,0.00131,2.46e-07,,,,,,,,,,-0.007809999999999999,0.00135,2.89e-08,,,,-0.0037,0.0013,0.00506,,,,-0.00936,0.00504,0.0649,,,,-0.0103,0.00494,0.0384,,,,-0.00093,0.00162,0.5670000000000001,,,,-0.0308,0.00373,0.0,,,,-0.0336,0.00374,0.0,,,,-0.0069900000000000006,0.00131,2.46e-07,,,,,,,,,,,,,,,,,,,,,,-0.0316,0.00379,0.0,,,,-0.0216,0.0032600000000000003,2.92e-10,,,,-0.0344,0.0038,0.0,,,,-0.0228,0.00318,0.0,,,,-0.007809999999999999,0.00135,2.89e-08,,,,-0.0037,0.0013,0.00506,,,,-0.0331,0.0010400000000000001,0.0,0.13,0.0019199999999999998,0.0,-0.00499,0.000735,1.21e-10,0.0201,0.000848,0.0,,,,0.0199,0.0008529999999999999,0.0,-0.00576,0.000776,0.0,0.0201,0.000849,0.0,-0.00498,0.000736,1.3899999999999999e-10,0.0198,0.000852,0.0,-0.235,0.00195,0.0,0.33,0.00299,0.0,-0.0035399999999999997,0.00101,0.000572,0.0186,0.0012900000000000001,0.0,,,,0.0183,0.0013,0.0,-0.00433,0.00101,2.95e-05,0.0186,0.0012900000000000001,0.0,-0.00297,0.00101,0.0038,0.0177,0.0012900000000000001,0.0,-0.0096,0.0035700000000000003,0.0077599999999999995,,,,-0.00703,0.00131,2.1800000000000002e-07,,,,,,,,,,-0.007859999999999999,0.00135,2.4700000000000003e-08,,,,-0.0037600000000000003,0.0013,0.0043100000000000005,,,
17,m_2627167020_2,0.47735448930245206,0.4777719806585993,0.00041749135498996036,-0.0192,0.00103,0.0,0.255,0.0035299999999999997,0.0,0.00231,0.000813,0.00489,-0.00039,0.0019199999999999998,0.8390000000000001,,,,-0.000528,0.0018800000000000002,0.779,0.0025399999999999997,0.000837,0.0027600000000000003,-0.0005610000000000001,0.0019199999999999998,0.7709999999999999,0.00223,0.0008089999999999999,0.00626,-0.000543,0.00193,0.779,-0.35,0.00122,0.0,0.585,0.00345,0.0,0.00831,0.00116,0.0,-0.00645,0.0019,0.000808,,,,-0.0064,0.00186,0.0007019999999999999,0.00853,0.00117,0.0,-0.00662,0.0019,0.000612,0.00855,0.00115,0.0,-0.0069299999999999995,0.0019,0.000337,-0.0123,0.004379999999999999,0.00528,,,,0.0020399999999999997,0.0017699999999999999,0.25,,,,,,,,,,0.00225,0.00179,0.21,,,,0.000478,0.0017100000000000001,0.78,,,,-0.0254,0.00685,0.000268,,,,-0.0205,0.00748,0.00659,,,,-0.000509,0.002,0.8,,,,-0.0333,0.00572,2.19e-08,,,,-0.0296,0.00602,1.72e-06,,,,0.0020399999999999997,0.0017699999999999999,0.25,,,,,,,,,,,,,,,,,,,,,,-0.0332,0.00572,2.4700000000000003e-08,,,,-6.65e-05,0.0058200000000000005,0.991,,,,-0.0295,0.00601,1.87e-06,,,,-0.0017,0.00598,0.777,,,,0.00225,0.00179,0.21,,,,0.000478,0.0017100000000000001,0.78,,,,-0.0193,0.00103,0.0,0.255,0.00352,0.0,0.00221,0.000807,0.0068200000000000005,-0.00035800000000000003,0.0019199999999999998,0.852,,,,-0.000462,0.00187,0.805,0.0024,0.000828,0.00419,-0.000531,0.0019199999999999998,0.782,0.00212,0.000801,0.00886,-0.0005139999999999999,0.00193,0.79,-0.35,0.00122,0.0,0.585,0.00344,0.0,0.00822,0.00115,0.0,-0.00643,0.0018899999999999998,0.0008230000000000001,,,,-0.00634,0.00186,0.0007599999999999999,0.008409999999999999,0.00116,0.0,-0.0066,0.0019,0.0006219999999999999,0.008440000000000001,0.00114,0.0,-0.0069099999999999995,0.0019,0.000344,-0.0123,0.00441,0.00594,,,,0.00187,0.00179,0.297,,,,,,,,,,0.0020399999999999997,0.0018,0.258,,,,0.00033999999999999997,0.0017100000000000001,0.843,,,
18,m_2627167020_3,0.3005783970540412,0.3011389905090669,0.0005605934555222205,-0.0984,0.00143,0.0,0.511,0.00372,0.0,-0.00526,0.0009119999999999999,2.89e-08,0.0678,0.0016300000000000002,0.0,,,,0.0673,0.00162,0.0,-0.00202,0.000884,0.0236,0.0676,0.00162,0.0,-0.005220000000000001,0.0009130000000000001,3.75e-08,0.0681,0.0016300000000000002,0.0,-0.35100000000000003,0.0016699999999999998,0.0,0.757,0.00406,0.0,0.00336,0.0009289999999999999,0.000375,0.0592,0.0016899999999999999,0.0,,,,0.0589,0.0016899999999999999,0.0,0.00647,0.000918,0.0,0.0591,0.0016899999999999999,0.0,0.0033799999999999998,0.000933,0.000359,0.0595,0.0016899999999999999,0.0,0.007690000000000001,0.00157,1.92e-06,,,,0.0098,0.0008730000000000001,0.0,,,,,,,,,,0.0131,0.0008759999999999999,0.0,,,,0.00949,0.000868,0.0,,,,0.0528,0.0196,0.0077599999999999995,,,,0.0546,0.0135,7.170000000000001e-05,,,,0.007529999999999999,0.00143,3.3e-07,,,,0.0107,0.0102,0.29600000000000004,,,,-0.00734,0.00804,0.363,,,,0.0098,0.0008730000000000001,0.0,,,,,,,,,,,,,,,,,,,,,,0.0138,0.0102,0.179,,,,0.0147,0.0125,0.239,,,,-0.00421,0.00806,0.602,,,,0.00435,0.00993,0.662,,,,0.0131,0.0008759999999999999,0.0,,,,0.00949,0.000868,0.0,,,,-0.0981,0.00147,0.0,0.512,0.00372,0.0,-0.0052899999999999996,0.000909,2.2400000000000002e-08,0.0679,0.0016300000000000002,0.0,,,,0.0674,0.0016300000000000002,0.0,-0.00207,0.000877,0.0194,0.0677,0.0016300000000000002,0.0,-0.00526,0.00091,2.6800000000000002e-08,0.0682,0.0016300000000000002,0.0,-0.35100000000000003,0.0016899999999999999,0.0,0.757,0.00406,0.0,0.0033200000000000005,0.000926,0.000411,0.0593,0.0016899999999999999,0.0,,,,0.059,0.0016899999999999999,0.0,0.00642,0.00091,0.0,0.0592,0.0016899999999999999,0.0,0.0033399999999999997,0.0009289999999999999,0.000407,0.0596,0.0016899999999999999,0.0,0.008029999999999999,0.00161,1.38e-06,,,,0.0098,0.000877,0.0,,,,,,,,,,0.0131,0.000875,0.0,,,,0.00948,0.000872,0.0,,,
19,m_2638034020_1,0.3810018001153319,0.3813243869826407,0.00032258686598224536,0.0145,0.0012900000000000001,0.0,0.413,0.00566,0.0,0.0382,0.00117,0.0,-0.0122,0.0027600000000000003,1.55e-05,,,,-0.012,0.0027600000000000003,2.02e-05,0.0269,0.00119,0.0,-0.0121,0.00275,1.7199999999999998e-05,0.0381,0.00117,0.0,-0.0122,0.0027600000000000003,1.57e-05,-0.0434,0.00148,0.0,0.47100000000000003,0.00562,0.0,0.0227,0.00128,0.0,0.0038200000000000005,0.00267,0.155,,,,0.00389,0.00267,0.147,0.0114,0.00128,0.0,0.00389,0.00267,0.147,0.0226,0.00128,0.0,0.00385,0.00267,0.152,0.0266,0.0023899999999999998,0.0,,,,0.0348,0.0014,0.0,,,,,,,,,,0.0235,0.00146,0.0,,,,0.0363,0.00176,0.0,,,,0.0846,0.0461,0.0677,,,,0.11800000000000001,0.0382,0.00225,,,,0.0216,0.0016300000000000002,0.0,,,,0.12300000000000001,0.039,0.00186,,,,0.14400000000000002,0.0317,9.31e-06,,,,0.0348,0.0014,0.0,,,,,,,,,,,,,,,,,,,,,,0.11199999999999999,0.0391,0.0046,,,,0.129,0.0552,0.0203,,,,0.133,0.0317,4.0799999999999996e-05,,,,0.125,0.0425,0.0037,,,,0.0235,0.00146,0.0,,,,0.0363,0.00176,0.0,,,,0.0144,0.0013,0.0,0.41200000000000003,0.00566,0.0,0.0382,0.00117,0.0,-0.0124,0.0027600000000000003,1.3000000000000001e-05,,,,-0.0122,0.00277,1.6800000000000002e-05,0.0269,0.00119,0.0,-0.0123,0.0027600000000000003,1.4400000000000001e-05,0.0381,0.00117,0.0,-0.0123,0.0027600000000000003,1.31e-05,-0.0435,0.00149,0.0,0.47100000000000003,0.00562,0.0,0.0227,0.00128,0.0,0.00364,0.00268,0.17600000000000002,,,,0.00372,0.00268,0.168,0.0114,0.0012900000000000001,0.0,0.00372,0.00268,0.16699999999999998,0.0226,0.0012900000000000001,0.0,0.00367,0.00268,0.172,0.0265,0.0023899999999999998,0.0,,,,0.0348,0.00141,0.0,,,,,,,,,,0.0235,0.00147,0.0,,,,0.0363,0.0017699999999999999,0.0,,,
20,m_2641303020_2,0.2590256923498273,0.2597871696383638,0.0007614772885020076,0.0432,0.0018100000000000002,0.0,0.257,0.00432,0.0,0.057,0.00143,0.0,0.0567,0.00216,0.0,,,,0.0567,0.00214,0.0,0.0564,0.0015300000000000001,0.0,0.0571,0.00216,0.0,0.057,0.00145,0.0,0.0563,0.00213,0.0,0.0588,0.00233,0.0,0.25,0.0046,0.0,0.0691,0.00135,0.0,0.0513,0.00224,0.0,,,,0.0555,0.0022199999999999998,0.0,0.0698,0.00146,0.0,0.0513,0.00224,0.0,0.0691,0.00137,0.0,0.0508,0.00221,0.0,0.0672,0.0018399999999999998,0.0,,,,0.0616,0.00149,0.0,,,,,,,,,,0.0611,0.0016,0.0,,,,0.0623,0.0015300000000000001,0.0,,,,0.0419,0.00916,8.27e-06,,,,0.0437,0.00916,3.39e-06,,,,0.0682,0.0016899999999999999,0.0,,,,0.0404,0.007859999999999999,6.23e-07,,,,0.043,0.00797,1.83e-07,,,,0.0616,0.00149,0.0,,,,,,,,,,,,,,,,,,,,,,0.0399,0.00782,7.72e-07,,,,0.0885,0.0071,0.0,,,,0.0425,0.00793,2.2699999999999998e-07,,,,0.0894,0.0071200000000000005,0.0,,,,0.0611,0.0016,0.0,,,,0.0623,0.0015300000000000001,0.0,,,,0.043,0.00183,0.0,0.257,0.00432,0.0,0.0569,0.00143,0.0,0.0568,0.00217,0.0,,,,0.0568,0.00215,0.0,0.0563,0.0015400000000000001,0.0,0.0571,0.00217,0.0,0.0569,0.00145,0.0,0.0564,0.00214,0.0,0.0585,0.00236,0.0,0.251,0.00461,0.0,0.0689,0.00135,0.0,0.0514,0.00225,0.0,,,,0.0556,0.00223,0.0,0.0696,0.00146,0.0,0.0514,0.00225,0.0,0.0689,0.0013800000000000002,0.0,0.051,0.00221,0.0,0.0671,0.0018399999999999998,0.0,,,,0.0616,0.00149,0.0,,,,,,,,,,0.061,0.0016,0.0,,,,0.0622,0.0015300000000000001,0.0,,,
21,m_2641303020_6,0.15248244409722386,0.15278077797410825,0.0002983338768000225,0.0125,0.0018899999999999998,3.02e-10,0.708,0.0109,0.0,0.0334,0.00145,0.0,0.0195,0.005220000000000001,0.00023700000000000001,,,,0.0212,0.0052,6.34e-05,0.0391,0.0015400000000000001,0.0,0.0198,0.005220000000000001,0.000196,0.0332,0.00145,0.0,0.0213,0.00505,3.84e-05,0.0135,0.00206,5.11e-10,0.7070000000000001,0.0109,0.0,0.0264,0.0015400000000000001,0.0,0.027,0.0052899999999999996,7.8e-07,,,,0.0289,0.00526,1.13e-07,0.032,0.00161,0.0,0.0272,0.0052899999999999996,6.13e-07,0.0259,0.0015300000000000001,0.0,0.0287,0.00512,6.580000000000001e-08,0.0372,0.0019100000000000002,0.0,,,,0.0336,0.00141,0.0,,,,,,,,,,0.0393,0.00149,0.0,,,,0.0328,0.00144,0.0,,,,-0.00246,0.005379999999999999,0.648,,,,-0.00299,0.0053,0.574,,,,0.036,0.00176,0.0,,,,0.0154,0.00427,0.000392,,,,0.0154,0.00424,0.00035,,,,0.0336,0.00141,0.0,,,,,,,,,,,,,,,,,,,,,,0.0211,0.00425,1.45e-06,,,,0.0095,0.0046,0.0402,,,,0.0211,0.004220000000000001,1.19e-06,,,,0.00886,0.00464,0.0576,,,,0.0393,0.00149,0.0,,,,0.0328,0.00144,0.0,,,,0.0127,0.0018899999999999998,1.79e-10,0.708,0.0109,0.0,0.0336,0.00144,0.0,0.0195,0.005229999999999999,0.00024300000000000002,,,,0.0212,0.00521,6.68e-05,0.0392,0.0015199999999999999,0.0,0.0198,0.005220000000000001,0.000202,0.0334,0.00143,0.0,0.0212,0.00506,4.02e-05,0.0136,0.0020800000000000003,5e-10,0.7070000000000001,0.0109,0.0,0.0266,0.0015199999999999999,0.0,0.027,0.0053,8.12e-07,,,,0.0289,0.00526,1.23e-07,0.0322,0.00159,0.0,0.0272,0.0052899999999999996,6.440000000000001e-07,0.0261,0.00151,0.0,0.0287,0.00512,7.08e-08,0.0374,0.0019100000000000002,0.0,,,,0.0338,0.0014,0.0,,,,,,,,,,0.0395,0.00148,0.0,,,,0.033,0.0014199999999999998,0.0,,,
22,m_2735179020_11,0.2014726322271264,0.2080860573319112,0.006613425104503347,-0.0595,0.0019,0.0,0.39399999999999996,0.0023,0.0,-0.00396,0.00106,0.000225,-0.0155,0.00141,0.0,,,,-0.0169,0.00143,0.0,-0.00829,0.00106,0.0,-0.0156,0.00141,0.0,-0.0038799999999999998,0.00105,0.00028,-0.0157,0.0014,0.0,-0.542,0.00271,0.0,0.879,0.00268,0.0,-0.0129,0.0011300000000000001,0.0,-0.006670000000000001,0.00159,4e-05,,,,-0.00784,0.00161,2.07e-06,-0.0173,0.00114,0.0,-0.00663,0.00159,4.45e-05,-0.0126,0.00112,0.0,-0.00703,0.00158,1.42e-05,0.0223,0.0269,0.409,,,,-0.0258,0.00477,1.71e-07,,,,,,,,,,-0.0301,0.00479,1.9699999999999996e-09,,,,-0.0153,0.00495,0.0022600000000000003,,,,-0.0676,0.0192,0.000524,,,,-0.0383,0.0178,0.0324,,,,-0.0143,0.00727,0.0506,,,,-0.0619,0.0129,2.9e-06,,,,-0.0311,0.0133,0.0203,,,,-0.0258,0.00477,1.71e-07,,,,,,,,,,,,,,,,,,,,,,-0.0661,0.0128,5.73e-07,,,,-0.0211,0.011,0.0558,,,,-0.0354,0.0132,0.00788,,,,-0.00799,0.00966,0.409,,,,-0.0301,0.00479,1.9699999999999996e-09,,,,-0.0153,0.00495,0.0022600000000000003,,,,-0.0598,0.0018800000000000002,0.0,0.39399999999999996,0.0023,0.0,-0.00398,0.00106,0.00022400000000000002,-0.0156,0.00141,0.0,,,,-0.017,0.00143,0.0,-0.00831,0.00107,0.0,-0.0156,0.00141,0.0,-0.0038200000000000005,0.00106,0.00037999999999999997,-0.0157,0.00141,0.0,-0.5429999999999999,0.00271,0.0,0.879,0.00268,0.0,-0.0129,0.00114,0.0,-0.0067599999999999995,0.00159,3.14e-05,,,,-0.007940000000000001,0.00161,1.57e-06,-0.0173,0.00114,0.0,-0.00673,0.00159,3.5e-05,-0.0125,0.0011300000000000001,0.0,-0.0071400000000000005,0.00158,1.07e-05,0.0202,0.0268,0.452,,,,-0.0259,0.0048,1.7899999999999997e-07,,,,,,,,,,-0.0302,0.00481,2.12e-09,,,,-0.0152,0.00499,0.00264,,,
23,m_2735179020_12,0.167039898188674,0.16883400140447066,0.0017941032164657228,-0.0958,0.0028899999999999998,0.0,0.308,0.00448,0.0,-0.0285,0.0014,0.0,0.0347,0.00256,0.0,,,,0.0375,0.00256,0.0,-0.0401,0.00143,0.0,0.0353,0.00256,0.0,-0.0283,0.00139,0.0,0.0337,0.00251,0.0,-0.45,0.00352,0.0,0.674,0.0053,0.0,-0.0522,0.0015300000000000001,0.0,0.0603,0.00296,0.0,,,,0.0648,0.00296,0.0,-0.0641,0.00162,0.0,0.061,0.00296,0.0,-0.0516,0.0015,0.0,0.0588,0.0029100000000000003,0.0,-0.0757,0.0114,2.87e-10,,,,-0.0373,0.00554,1.6299999999999998e-10,,,,,,,,,,-0.0488,0.00558,0.0,,,,-0.037,0.00427,0.0,,,,-0.0108,0.0204,0.597,,,,0.0161,0.0163,0.326,,,,-0.0575,0.00834,6.629999999999999e-11,,,,-0.0662,0.0143,6.31e-06,,,,-0.0381,0.0119,0.00155,,,,-0.0373,0.00554,1.6299999999999998e-10,,,,,,,,,,,,,,,,,,,,,,-0.0775,0.0143,1.6300000000000002e-07,,,,-0.0694,0.0132,3.6799999999999996e-07,,,,-0.0494,0.0119,4.7600000000000005e-05,,,,-0.0407,0.0122,0.00103,,,,-0.0488,0.00558,0.0,,,,-0.037,0.00427,0.0,,,,-0.0958,0.00288,0.0,0.308,0.00448,0.0,-0.0284,0.00143,0.0,0.0348,0.00256,0.0,,,,0.0375,0.00256,0.0,-0.04,0.00147,0.0,0.0353,0.00256,0.0,-0.028,0.0014199999999999998,0.0,0.0338,0.00251,0.0,-0.45,0.00349,0.0,0.674,0.0053,0.0,-0.052,0.00155,0.0,0.0602,0.00296,0.0,,,,0.0648,0.00296,0.0,-0.0639,0.00165,0.0,0.061,0.00296,0.0,-0.0512,0.00151,0.0,0.0588,0.00292,0.0,-0.0762,0.0115,3.32e-10,,,,-0.0368,0.0056,4.1799999999999995e-10,,,,,,,,,,-0.0482,0.00564,0.0,,,,-0.0362,0.00435,0.0,,,
24,m_2735179020_14,0.4131963451931906,0.4368541753610342,0.02365783016816337,0.0593,0.000941,0.0,-0.22699999999999998,0.0015400000000000001,0.0,-0.013,0.000942,0.0,-0.0479,0.0016300000000000002,0.0,,,,-0.0483,0.0016300000000000002,0.0,-0.0192,0.0009630000000000001,0.0,-0.0478,0.00162,0.0,-0.013,0.000947,0.0,-0.048,0.0016300000000000002,0.0,-0.5660000000000001,0.00237,0.0,0.39899999999999997,0.0026100000000000003,0.0,-0.00898,0.00131,9.07e-11,-0.0519,0.0018,0.0,,,,-0.0524,0.0018,0.0,-0.0151,0.00133,0.0,-0.0519,0.0018,0.0,-0.00882,0.0012900000000000001,8.9e-11,-0.0521,0.0018,0.0,0.00465,0.0149,0.7559999999999999,,,,-0.0459,0.006229999999999999,0.0,,,,,,,,,,-0.052,0.00627,0.0,,,,-0.0254,0.00591,2.6300000000000002e-05,,,,-0.0478,0.0216,0.0278,,,,0.0030600000000000002,0.0184,0.868,,,,-0.0319,0.0072299999999999994,1.7e-05,,,,-0.0685,0.0233,0.00364,,,,-0.026,0.0191,0.174,,,,-0.0459,0.006229999999999999,0.0,,,,,,,,,,,,,,,,,,,,,,-0.0745,0.0233,0.0016,,,,-0.016,0.0229,0.486,,,,-0.032,0.0191,0.0944,,,,-0.0243,0.0168,0.15,,,,-0.052,0.00627,0.0,,,,-0.0254,0.00591,2.6300000000000002e-05,,,,0.0594,0.000949,0.0,-0.22699999999999998,0.0015400000000000001,0.0,-0.013,0.000949,0.0,-0.0478,0.0016300000000000002,0.0,,,,-0.0483,0.0016300000000000002,0.0,-0.0191,0.000968,0.0,-0.0478,0.00162,0.0,-0.0129,0.000959,0.0,-0.0479,0.0016300000000000002,0.0,-0.5660000000000001,0.00237,0.0,0.39899999999999997,0.0026100000000000003,0.0,-0.0089,0.00132,1.41e-10,-0.0519,0.0018,0.0,,,,-0.0524,0.0018,0.0,-0.015,0.00134,0.0,-0.0519,0.0018,0.0,-0.00867,0.0012900000000000001,1.76e-10,-0.0521,0.0018,0.0,0.00457,0.015,0.76,,,,-0.046,0.006229999999999999,0.0,,,,,,,,,,-0.052,0.00627,0.0,,,,-0.0246,0.00595,5.17e-05,,,
25,m_2735179020_15,0.14571623823011098,0.1532433236979929,0.00752708546768286,0.005370000000000001,0.0103,0.604,0.217,0.00496,0.0,0.154,0.0044399999999999995,0.0,-0.0277,0.0042,3.48e-10,,,,-0.0401,0.0042,0.0,0.125,0.00404,0.0,-0.0272,0.0042,6.84e-10,0.153,0.004370000000000001,0.0,-0.0302,0.00413,0.0,-0.0558,0.00981,4.53e-08,0.271,0.00507,0.0,0.177,0.0043100000000000005,0.0,-0.0506,0.00419,0.0,,,,-0.0663,0.00415,0.0,0.149,0.00395,0.0,-0.0518,0.00421,0.0,0.174,0.004220000000000001,0.0,-0.0512,0.00412,0.0,-0.0145,0.0129,0.26,,,,0.147,0.00572,0.0,,,,,,,,,,0.11699999999999999,0.005370000000000001,0.0,,,,0.139,0.0073,0.0,,,,0.153,0.0174,0.0,,,,0.106,0.0156,1.3899999999999999e-10,,,,0.051,0.011,5.99e-06,,,,0.11,0.0135,0.0,,,,0.121,0.0106,0.0,,,,0.147,0.00572,0.0,,,,,,,,,,,,,,,,,,,,,,0.0795,0.0136,2.0099999999999998e-08,,,,0.23,0.0221,0.0,,,,0.0907,0.0108,0.0,,,,0.22,0.0167,0.0,,,,0.11699999999999999,0.005370000000000001,0.0,,,,0.139,0.0073,0.0,,,,0.00572,0.0104,0.5820000000000001,0.217,0.0049700000000000005,0.0,0.154,0.004370000000000001,0.0,-0.0276,0.00421,4.34e-10,,,,-0.04,0.00421,0.0,0.124,0.004,0.0,-0.0271,0.0042,7.910000000000001e-10,0.153,0.00433,0.0,-0.0301,0.00414,0.0,-0.0554,0.00984,5.8200000000000005e-08,0.271,0.0050799999999999994,0.0,0.177,0.00425,0.0,-0.0505,0.00419,0.0,,,,-0.0662,0.00415,0.0,0.149,0.00391,0.0,-0.0517,0.00421,0.0,0.174,0.00418,0.0,-0.0511,0.00413,0.0,-0.0142,0.013,0.278,,,,0.147,0.0057399999999999994,0.0,,,,,,,,,,0.11699999999999999,0.00541,0.0,,,,0.139,0.00718,0.0,,,
26,m_2735179020_16,0.2371405274931798,0.23710100603096035,-3.952146205360255e-05,-0.17,0.00243,0.0,0.594,0.00639,0.0,-0.00892,0.00131,1.0699999999999999e-10,0.0111,0.00229,2.32e-06,,,,0.0106,0.00229,6.38e-06,-0.0103,0.00132,0.0,0.0109,0.00229,3.53e-06,-0.00872,0.00131,2.29e-10,0.0104,0.00224,6.65e-06,-0.19,0.0028,0.0,0.614,0.00748,0.0,-0.012,0.0015,0.0,0.0145,0.0027600000000000003,3.7600000000000003e-07,,,,0.0139,0.0027600000000000003,9.97e-07,-0.0134,0.0015400000000000001,0.0,0.0143,0.0027600000000000003,5.31e-07,-0.0114,0.00148,0.0,0.0133,0.00268,1.35e-06,-0.0643,0.00483,0.0,,,,-0.0134,0.0018899999999999998,0.0,,,,,,,,,,-0.0149,0.0018899999999999998,0.0,,,,-0.0054600000000000004,0.0016699999999999998,0.0013,,,,-0.11,0.0362,0.0027,,,,-0.081,0.0351,0.0222,,,,-0.066,0.0035299999999999997,0.0,,,,-0.0028,0.0223,0.9,,,,0.0172,0.0224,0.445,,,,-0.0134,0.0018899999999999998,0.0,,,,,,,,,,,,,,,,,,,,,,-0.0041,0.0224,0.8540000000000001,,,,0.0227,0.0214,0.29100000000000004,,,,0.0159,0.0224,0.48100000000000004,,,,0.0188,0.0195,0.337,,,,-0.0149,0.0018899999999999998,0.0,,,,-0.0054600000000000004,0.0016699999999999998,0.0013,,,,-0.171,0.00242,0.0,0.594,0.00639,0.0,-0.00899,0.00131,8.590000000000001e-11,0.0111,0.00229,2.46e-06,,,,0.0105,0.00228,6.8e-06,-0.0104,0.00133,0.0,0.0109,0.00228,3.75e-06,-0.00873,0.00131,2.1499999999999998e-10,0.0103,0.00223,7.13e-06,-0.191,0.0028,0.0,0.614,0.00748,0.0,-0.012,0.00151,0.0,0.0144,0.00275,3.98e-07,,,,0.0138,0.00275,1.06e-06,-0.0134,0.0015400000000000001,0.0,0.0142,0.00275,5.64e-07,-0.0114,0.00148,0.0,0.0132,0.00267,1.43e-06,-0.0646,0.00481,0.0,,,,-0.0134,0.0018800000000000002,0.0,,,,,,,,,,-0.0148,0.0018800000000000002,0.0,,,,-0.005520000000000001,0.0016600000000000002,0.0010400000000000001,,,
27,m_2735179020_18,0.30577516749959216,0.3052542236942499,-0.0005209438067324554,0.132,0.00185,0.0,-0.27,0.00278,0.0,0.0128,0.00135,0.0,-0.0605,0.0016899999999999999,0.0,,,,-0.0608,0.00173,0.0,0.0138,0.00137,0.0,-0.06,0.0016899999999999999,0.0,0.013,0.0013599999999999999,0.0,-0.0602,0.0017,0.0,-0.0591,0.00231,0.0,-0.0783,0.00322,0.0,-0.0237,0.00159,0.0,-0.0226,0.0019399999999999999,0.0,,,,-0.023,0.00196,0.0,-0.023,0.0016600000000000002,0.0,-0.022,0.00193,0.0,-0.0232,0.00156,0.0,-0.0227,0.0019199999999999998,0.0,0.0667,0.0019,0.0,,,,-0.00267,0.00132,0.0441,,,,,,,,,,-0.00149,0.00134,0.27,,,,-0.00251,0.00132,0.0579,,,,0.309,0.04,0.0,,,,0.309,0.0394,0.0,,,,0.0659,0.0018100000000000002,0.0,,,,0.179,0.0368,2.23e-06,,,,0.184,0.0359,7.2e-07,,,,-0.00267,0.00132,0.0441,,,,,,,,,,,,,,,,,,,,,,0.18100000000000002,0.0367,1.79e-06,,,,0.0544,0.0206,0.008879999999999999,,,,0.185,0.0359,5.69e-07,,,,0.0609,0.021,0.00409,,,,-0.00149,0.00134,0.27,,,,-0.00251,0.00132,0.0579,,,,0.132,0.0018399999999999998,0.0,-0.27,0.00278,0.0,0.0127,0.0013599999999999999,0.0,-0.0605,0.0017,0.0,,,,-0.0609,0.00173,0.0,0.0137,0.0013800000000000002,0.0,-0.06,0.0017,0.0,0.013,0.0013599999999999999,0.0,-0.0602,0.0017,0.0,-0.0593,0.00231,0.0,-0.0783,0.00322,0.0,-0.0237,0.00159,0.0,-0.0228,0.0019399999999999999,0.0,,,,-0.0231,0.00196,0.0,-0.023,0.0016699999999999998,0.0,-0.0221,0.00193,0.0,-0.0232,0.00155,0.0,-0.0228,0.0019199999999999998,0.0,0.0664,0.0018899999999999998,0.0,,,,-0.00278,0.00133,0.0387,,,,,,,,,,-0.00157,0.00137,0.25,,,,-0.00252,0.00132,0.0572,,,
28,m_2735179020_21,0.3620697650859459,0.3622826665768518,0.00021290149107460433,-0.0391,0.0013800000000000002,0.0,0.512,0.00446,0.0,-0.00869,0.000956,0.0,-0.0512,0.003,0.0,,,,-0.0524,0.00305,0.0,-0.0106,0.00098,0.0,-0.0513,0.003,0.0,-0.00853,0.000964,0.0,-0.0506,0.003,0.0,0.18899999999999997,0.0029100000000000003,0.0,0.284,0.0038799999999999998,0.0,-0.0313,0.00114,0.0,-0.0286,0.00294,0.0,,,,-0.0298,0.00297,0.0,-0.0332,0.00112,0.0,-0.0287,0.00294,0.0,-0.0311,0.00117,0.0,-0.0283,0.00294,0.0,-0.0436,0.005229999999999999,0.0,,,,-0.0132,0.00253,4.45e-07,,,,,,,,,,-0.0151,0.00255,1.51e-08,,,,-0.0118,0.00215,1.34e-07,,,,-0.0276,0.0132,0.0377,,,,-0.0162,0.0070599999999999994,0.0228,,,,-0.0114,0.0036,0.0018,,,,-0.0291,0.0092,0.00179,,,,-0.0161,0.00472,0.000775,,,,-0.0132,0.00253,4.45e-07,,,,,,,,,,,,,,,,,,,,,,-0.031,0.00919,0.000883,,,,-0.007240000000000001,0.007509999999999999,0.336,,,,-0.018,0.0047,0.000175,,,,-0.00939,0.0043,0.0303,,,,-0.0151,0.00255,1.51e-08,,,,-0.0118,0.00215,1.34e-07,,,,-0.039,0.00141,0.0,0.512,0.00445,0.0,-0.00869,0.000962,0.0,-0.0511,0.003,0.0,,,,-0.0523,0.0030399999999999997,0.0,-0.0106,0.000987,0.0,-0.0513,0.003,0.0,-0.00847,0.000967,0.0,-0.0506,0.003,0.0,0.18899999999999997,0.00293,0.0,0.28300000000000003,0.0038799999999999998,0.0,-0.0314,0.0011300000000000001,0.0,-0.0285,0.00292,0.0,,,,-0.0297,0.00296,0.0,-0.0332,0.0011099999999999999,0.0,-0.0287,0.00292,0.0,-0.031,0.00117,0.0,-0.0282,0.00293,0.0,-0.0433,0.00528,0.0,,,,-0.0131,0.0025399999999999997,5.93e-07,,,,,,,,,,-0.0149,0.00256,2.15e-08,,,,-0.0116,0.00217,2.3e-07,,,
29,m_2735179020_22,0.8442725424834205,0.8443187184319585,4.617594826769752e-05,0.162,0.006670000000000001,0.0,0.426,0.0141,0.0,0.0016600000000000002,0.00233,0.47600000000000003,-0.0554,0.004529999999999999,0.0,,,,-0.0497,0.00449,0.0,-0.000822,0.0024,0.732,-0.0554,0.00451,0.0,0.00214,0.00235,0.364,-0.0563,0.004529999999999999,0.0,1.166,0.0221,0.0,-0.5579999999999999,0.0299,0.0,-0.0798,0.0043100000000000005,0.0,0.0313,0.00517,6.8000000000000005e-09,,,,0.0376,0.00517,0.0,-0.0825,0.00441,0.0,0.0313,0.0051600000000000005,5.9499999999999995e-09,-0.08,0.00428,0.0,0.031,0.005220000000000001,1.2099999999999999e-08,0.196,0.006959999999999999,0.0,,,,-0.0042,0.0023899999999999998,0.0798,,,,,,,,,,-0.00672,0.00247,0.00707,,,,-0.00391,0.00247,0.115,,,,0.386,0.0355,0.0,,,,0.387,0.0354,0.0,,,,0.196,0.0069099999999999995,0.0,,,,0.0563,0.0115,2.15e-06,,,,0.0562,0.0115,2.2e-06,,,,-0.0042,0.0023899999999999998,0.0798,,,,,,,,,,,,,,,,,,,,,,0.0536,0.0115,6.03e-06,,,,0.0293,0.0194,0.132,,,,0.0535,0.0115,6.18e-06,,,,0.0293,0.0194,0.132,,,,-0.00672,0.00247,0.00707,,,,-0.00391,0.00247,0.115,,,,0.162,0.0067,0.0,0.426,0.0141,0.0,0.00161,0.00234,0.491,-0.0553,0.004520000000000001,0.0,,,,-0.0496,0.00447,0.0,-0.000874,0.0024100000000000002,0.7170000000000001,-0.0553,0.0045,0.0,0.00213,0.00235,0.36700000000000005,-0.0562,0.004529999999999999,0.0,1.166,0.0221,0.0,-0.5579999999999999,0.0299,0.0,-0.0798,0.0043100000000000005,0.0,0.0313,0.00517,6.4900000000000005e-09,,,,0.0377,0.00517,0.0,-0.0825,0.00441,0.0,0.0314,0.0051600000000000005,5.649999999999999e-09,-0.08,0.00428,0.0,0.0311,0.005220000000000001,1.1299999999999999e-08,0.196,0.00698,0.0,,,,-0.00425,0.0024,0.0777,,,,,,,,,,-0.0067599999999999995,0.00248,0.006940000000000001,,,,-0.0039,0.00247,0.11599999999999999,,,
30,m_2736521020_11,0.4023271561846424,0.4071524125567765,0.004825256372252531,0.0314,0.00386,0.0,-0.35600000000000004,0.00852,0.0,-0.0161,0.00231,0.0,0.138,0.0052,0.0,,,,0.138,0.00527,0.0,-0.022,0.0024100000000000002,0.0,0.138,0.00519,0.0,-0.0156,0.00232,1.77e-10,0.134,0.00532,0.0,0.156,0.00577,0.0,-0.48200000000000004,0.00945,0.0,-0.0109,0.00266,5.8299999999999994e-05,0.133,0.00527,0.0,,,,0.134,0.00535,0.0,-0.0171,0.0027,1.45e-09,0.133,0.00526,0.0,-0.0126,0.0026100000000000003,2.75e-06,0.131,0.00543,0.0,-0.0196,0.00421,6.15e-06,,,,-0.00247,0.00253,0.33,,,,,,,,,,-0.00843,0.00264,0.00164,,,,0.00185,0.00259,0.475,,,,0.0304,0.0119,0.0113,,,,0.0388,0.011,0.000544,,,,-0.016,0.00409,0.00011899999999999999,,,,0.0239,0.00828,0.00436,,,,0.0322,0.008,8.170000000000001e-05,,,,-0.00247,0.00253,0.33,,,,,,,,,,,,,,,,,,,,,,0.0182,0.00824,0.0283,,,,-0.0311,0.00788,0.000109,,,,0.0266,0.007940000000000001,0.000983,,,,-0.0293,0.00715,5.920000000000001e-05,,,,-0.00843,0.00264,0.00164,,,,0.00185,0.00259,0.475,,,,0.0312,0.00395,0.0,-0.35600000000000004,0.00852,0.0,-0.0161,0.00233,5.79e-11,0.138,0.00518,0.0,,,,0.138,0.00525,0.0,-0.0221,0.00242,0.0,0.138,0.00517,0.0,-0.0156,0.00233,2.23e-10,0.134,0.0053,0.0,0.156,0.0058,0.0,-0.48200000000000004,0.00945,0.0,-0.0109,0.00268,6.43e-05,0.133,0.00526,0.0,,,,0.133,0.00533,0.0,-0.0172,0.00271,1.4099999999999999e-09,0.133,0.00525,0.0,-0.0126,0.00262,3.11e-06,0.131,0.0054,0.0,-0.0199,0.0042899999999999995,6.09e-06,,,,-0.00249,0.00255,0.331,,,,,,,,,,-0.00853,0.00266,0.0015199999999999999,,,,0.00186,0.0026100000000000003,0.47700000000000004,,,
31,m_2736521020_3,0.3177953496553711,0.29305049123825616,-0.024744858417276187,0.0194,0.0023899999999999998,0.0,-0.198,0.00445,0.0,0.005220000000000001,0.00255,0.0416,0.0273,0.00601,9.25e-06,,,,0.0264,0.00594,1.39e-05,0.00517,0.00249,0.0386,0.0245,0.00603,7.01e-05,0.0215,0.00243,0.0,-0.198,0.00436,0.0,0.0251,0.0022600000000000003,0.0,-0.205,0.00483,0.0,0.0108,0.00246,1.8e-05,0.0209,0.00596,0.000558,,,,0.0199,0.00588,0.000852,0.0109,0.00242,1.06e-05,0.0179,0.00598,0.00305,0.0272,0.00227,0.0,-0.205,0.00471,0.0,0.0357,0.00421,0.0,,,,0.0147,0.00281,3.75e-07,,,,,,,,,,0.0147,0.00277,3.08e-07,,,,0.0145,0.0031899999999999997,9.58e-06,,,,0.0629,0.007690000000000001,0.0,,,,0.0285,0.00703,7.099999999999999e-05,,,,0.0213,0.0031899999999999997,2.38e-10,,,,0.0316,0.00596,2.9199999999999997e-07,,,,0.0119,0.00554,0.0328,,,,0.0147,0.00281,3.75e-07,,,,,,,,,,,,,,,,,,,,,,0.0315,0.00607,5.18e-07,,,,0.054,0.00744,0.0,,,,0.0115,0.0055899999999999995,0.0412,,,,0.0378,0.00645,1.73e-08,,,,0.0147,0.00277,3.08e-07,,,,0.0145,0.0031899999999999997,9.58e-06,,,,0.0194,0.0023899999999999998,0.0,-0.198,0.00445,0.0,0.00524,0.00255,0.0409,0.0274,0.00603,9.22e-06,,,,0.0266,0.00596,1.34e-05,0.00515,0.00249,0.04,0.0246,0.00605,6.92e-05,0.0217,0.00243,0.0,-0.198,0.00436,0.0,0.025,0.00227,0.0,-0.205,0.00483,0.0,0.0108,0.00247,1.95e-05,0.021,0.00598,0.000541,,,,0.0201,0.0059,0.000801,0.0109,0.00243,1.31e-05,0.0181,0.006,0.00294,0.0274,0.00228,0.0,-0.205,0.00471,0.0,0.0359,0.00421,0.0,,,,0.0147,0.00281,4.1200000000000004e-07,,,,,,,,,,0.0146,0.00278,3.6200000000000004e-07,,,,0.0145,0.0032,1.0300000000000001e-05,,,
32,m_2736521020_4,0.2861164419413806,0.4668589342244929,0.18074249228315545,-0.235,0.00606,0.0,0.44,0.00981,0.0,-0.0419,0.00281,0.0,0.0435,0.00297,0.0,,,,0.0437,0.00297,0.0,-0.0415,0.00283,0.0,0.0437,0.00297,0.0,-0.23,0.0057399999999999994,0.0,0.433,0.00958,0.0,-0.14800000000000002,0.0108,0.0,0.35100000000000003,0.0142,0.0,-0.0323,0.00375,0.0,0.0341,0.00385,0.0,,,,0.0343,0.00387,0.0,-0.0319,0.0037700000000000003,0.0,0.0342,0.0038399999999999997,0.0,-0.135,0.01,0.0,0.335,0.0133,0.0,-0.266,0.0209,0.0,,,,-0.0281,0.00598,4.89e-06,,,,,,,,,,-0.0277,0.00601,7.28e-06,,,,-0.0419,0.00889,4.58e-06,,,,-0.165,0.0323,7.84e-07,,,,-0.12,0.0236,7.41e-07,,,,-0.0741,0.0128,2.9100000000000002e-08,,,,-0.0478,0.013,0.000308,,,,-0.038,0.0109,0.000572,,,,-0.0281,0.00598,4.89e-06,,,,,,,,,,,,,,,,,,,,,,-0.0475,0.0131,0.000356,,,,-0.0201,0.0203,0.322,,,,-0.0377,0.0109,0.000656,,,,-0.0335,0.0152,0.0283,,,,-0.0277,0.00601,7.28e-06,,,,-0.0419,0.00889,4.58e-06,,,,-0.235,0.00604,0.0,0.44,0.00981,0.0,-0.0417,0.00282,0.0,0.0435,0.00298,0.0,,,,0.0437,0.00298,0.0,-0.0413,0.0028399999999999996,0.0,0.0436,0.00297,0.0,-0.23,0.0057399999999999994,0.0,0.433,0.00958,0.0,-0.14800000000000002,0.0107,0.0,0.35100000000000003,0.0142,0.0,-0.032,0.0037600000000000003,0.0,0.0339,0.00385,0.0,,,,0.0341,0.00387,0.0,-0.0316,0.0037799999999999995,0.0,0.034,0.0038399999999999997,0.0,-0.135,0.01,0.0,0.335,0.0133,0.0,-0.266,0.0209,0.0,,,,-0.0281,0.00596,4.29e-06,,,,,,,,,,-0.0277,0.00599,6.45e-06,,,,-0.042,0.008879999999999999,4.29e-06,,,
33,m_2736521020_6,0.3799915654514409,0.38111529331354427,0.001123727861995475,-0.0519,0.00252,0.0,0.505,0.0049299999999999995,0.0,0.0138,0.0017699999999999999,0.0,0.019,0.0027199999999999998,0.0,,,,0.0181,0.00268,1.65e-10,0.0113,0.0018,1.71e-09,0.0182,0.0027199999999999998,2e-10,-0.0512,0.0024100000000000002,0.0,0.507,0.00479,0.0,-0.0634,0.00255,0.0,0.518,0.00558,0.0,0.0111,0.00201,1.05e-07,0.0219,0.0031,0.0,,,,0.0209,0.0030600000000000002,9.729999999999999e-11,0.00875,0.00203,2.62e-05,0.021,0.00309,1.1e-10,-0.0659,0.00252,0.0,0.523,0.00543,0.0,-0.0184,0.0118,0.122,,,,0.0148,0.00207,0.0,,,,,,,,,,0.0122,0.00213,4.1100000000000004e-08,,,,0.0264,0.00297,0.0,,,,0.00573,0.0205,0.78,,,,0.0366,0.0185,0.0493,,,,0.0139,0.00312,1.31e-05,,,,0.0297,0.0135,0.0287,,,,0.0328,0.0119,0.00639,,,,0.0148,0.00207,0.0,,,,,,,,,,,,,,,,,,,,,,0.0276,0.0136,0.0433,,,,0.0019,0.016,0.9059999999999999,,,,0.0309,0.0119,0.0104,,,,-0.014,0.0141,0.319,,,,0.0122,0.00213,4.1100000000000004e-08,,,,0.0264,0.00297,0.0,,,,-0.0518,0.0026,0.0,0.505,0.0049299999999999995,0.0,0.0138,0.0017800000000000001,0.0,0.0189,0.0027199999999999998,0.0,,,,0.018,0.0026899999999999997,1.79e-10,0.0113,0.0018,2.0100000000000003e-09,0.0182,0.0027199999999999998,2.19e-10,-0.0509,0.00242,0.0,0.507,0.00479,0.0,-0.0633,0.00265,0.0,0.518,0.00558,0.0,0.0111,0.00202,1.24e-07,0.0219,0.0031,0.0,,,,0.0209,0.00307,1.0399999999999999e-10,0.0087,0.0020399999999999997,3.01e-05,0.021,0.0031,1.18e-10,-0.0656,0.00253,0.0,0.523,0.00543,0.0,-0.0182,0.0119,0.127,,,,0.0148,0.00207,0.0,,,,,,,,,,0.0121,0.00213,4.5199999999999994e-08,,,,0.0265,0.00296,0.0,,,
34,m_2813860020_1,0.2805324662498588,0.2808634671933305,0.00033100094229606233,-0.0352,0.0008,0.0,0.266,0.00228,0.0,-0.0141,0.000811,0.0,0.0194,0.00233,0.0,,,,0.0194,0.00233,0.0,-0.0174,0.00091,0.0,0.0193,0.00233,0.0,-0.014,0.0008089999999999999,0.0,0.019,0.00233,0.0,-0.14800000000000002,0.0011300000000000001,0.0,0.379,0.00233,0.0,-0.0199,0.000886,0.0,0.0243,0.00243,0.0,,,,0.0244,0.00243,0.0,-0.0233,0.0009960000000000001,0.0,0.0243,0.00243,0.0,-0.0198,0.000884,0.0,0.024,0.00244,0.0,-0.0131,0.00251,4.91e-07,,,,-0.0165,0.00122,0.0,,,,,,,,,,-0.0198,0.00128,0.0,,,,-0.0106,0.00114,0.0,,,,-0.0315,0.008870000000000001,0.000488,,,,-0.0217,0.008620000000000001,0.0125,,,,-0.0186,0.0016899999999999999,0.0,,,,-0.0236,0.005370000000000001,1.74e-05,,,,-0.0141,0.0053,0.008490000000000001,,,,-0.0165,0.00122,0.0,,,,,,,,,,,,,,,,,,,,,,-0.0269,0.00539,1.32e-06,,,,0.0121,0.00539,0.0256,,,,-0.0173,0.00533,0.00133,,,,0.005529999999999999,0.00462,0.233,,,,-0.0198,0.00128,0.0,,,,-0.0106,0.00114,0.0,,,,-0.0352,0.0008039999999999999,0.0,0.266,0.00228,0.0,-0.0141,0.000808,0.0,0.0194,0.00233,0.0,,,,0.0194,0.00233,0.0,-0.0174,0.000907,0.0,0.0193,0.00233,0.0,-0.014,0.000805,0.0,0.019,0.00233,0.0,-0.14800000000000002,0.00114,0.0,0.379,0.00233,0.0,-0.0199,0.0008810000000000001,0.0,0.0243,0.00244,0.0,,,,0.0244,0.00244,0.0,-0.0233,0.000991,0.0,0.0243,0.00244,0.0,-0.0198,0.00088,0.0,0.024,0.00244,0.0,-0.0128,0.0025399999999999997,9.63e-07,,,,-0.0165,0.0012,0.0,,,,,,,,,,-0.0198,0.0012699999999999999,0.0,,,,-0.0106,0.0011300000000000001,0.0,,,
35,m_2823116020_15,0.49040449715404,0.4908224736361731,0.00041797648207256153,-0.0241,0.0038,1.56e-09,-0.016,0.0108,0.139,-0.0369,0.0028899999999999998,0.0,0.0251,0.00351,0.0,,,,0.0207,0.00366,5.1299999999999996e-08,-0.0371,0.0031,0.0,0.0259,0.00355,0.0,-0.0375,0.0029,0.0,0.028,0.00331,0.0,-0.149,0.0056,0.0,0.109,0.0116,0.0,-0.0308,0.00247,0.0,0.0194,0.00316,3.95e-09,,,,0.0141,0.00328,2.6000000000000002e-05,-0.0311,0.00275,0.0,0.0203,0.0031899999999999997,1.2e-09,-0.0321,0.00247,0.0,0.023,0.003,0.0,-0.00965,0.00542,0.0763,,,,-0.0283,0.0035399999999999997,0.0,,,,,,,,,,-0.0283,0.0036899999999999997,0.0,,,,-0.0338,0.00361,0.0,,,,-0.0377,0.0166,0.0241,,,,-0.0506,0.0119,3.0299999999999998e-05,,,,-0.0197,0.0054,0.000344,,,,-0.0764,0.0103,0.0,,,,-0.0773,0.00755,0.0,,,,-0.0283,0.0035399999999999997,0.0,,,,,,,,,,,,,,,,,,,,,,-0.0764,0.0103,0.0,,,,-0.0623,0.012,5.41e-07,,,,-0.0774,0.00759,0.0,,,,-0.053,0.00948,7.26e-08,,,,-0.0283,0.0036899999999999997,0.0,,,,-0.0338,0.00361,0.0,,,,-0.0243,0.00381,1.14e-09,-0.016,0.0108,0.14,-0.0369,0.0028899999999999998,0.0,0.025,0.0035299999999999997,0.0,,,,0.0206,0.0036799999999999997,6.47e-08,-0.0371,0.00309,0.0,0.0258,0.0035700000000000003,0.0,-0.0375,0.0029100000000000003,0.0,0.0279,0.0033299999999999996,0.0,-0.149,0.0056700000000000006,0.0,0.109,0.0116,0.0,-0.0308,0.00247,0.0,0.0194,0.00317,4.92e-09,,,,0.014,0.00329,3.11e-05,-0.0311,0.00275,0.0,0.0203,0.0032,1.4800000000000003e-09,-0.0321,0.00247,0.0,0.0229,0.00301,0.0,-0.0101,0.00541,0.0626,,,,-0.0283,0.00355,0.0,,,,,,,,,,-0.0283,0.0036899999999999997,0.0,,,,-0.0338,0.0036,0.0,,,
36,m_2823116020_22,0.5970095580405702,0.6154684181878693,0.018458860147302285,0.0608,0.0172,0.000499,-0.14300000000000002,0.0257,8.51e-08,0.0238,0.00556,2.97e-05,-0.0369,0.00762,2.62e-06,,,,-0.0344,0.008740000000000001,0.00011399999999999999,0.0263,0.00588,1.29e-05,-0.0339,0.00785,2.5300000000000002e-05,0.0162,0.00613,0.00878,-0.022,0.00775,0.00504,0.14800000000000002,0.0275,2.21e-07,-0.22399999999999998,0.035,1.1e-09,0.033,0.00579,4.4699999999999997e-08,-0.0452,0.007240000000000001,2.6800000000000003e-09,,,,-0.0436,0.0081,2.1800000000000002e-07,0.0351,0.00607,2.92e-08,-0.042,0.0074,5.1500000000000005e-08,0.0193,0.00692,0.00588,-0.0247,0.00689,0.00041799999999999997,-0.0204,0.0145,0.161,,,,0.0143,0.00569,0.0126,,,,,,,,,,0.0181,0.006229999999999999,0.0042,,,,0.00692,0.00662,0.297,,,,0.0986,0.0375,0.00928,,,,0.106,0.0385,0.00625,,,,0.00997,0.012,0.406,,,,-0.0192,0.0146,0.19,,,,-0.0228,0.0154,0.14,,,,0.0143,0.00569,0.0126,,,,,,,,,,,,,,,,,,,,,,-0.0152,0.0151,0.315,,,,-0.00997,0.0163,0.5429999999999999,,,,-0.0187,0.0158,0.239,,,,-0.0091,0.0162,0.575,,,,0.0181,0.006229999999999999,0.0042,,,,0.00692,0.00662,0.297,,,,0.0605,0.0174,0.000634,-0.14300000000000002,0.0256,8.46e-08,0.0238,0.00564,3.63e-05,-0.037,0.00763,2.49e-06,,,,-0.0346,0.00872,0.000105,0.0264,0.00594,1.52e-05,-0.034,0.00785,2.44e-05,0.0162,0.00618,0.00924,-0.0221,0.00773,0.00469,0.147,0.0277,2.82e-07,-0.22399999999999998,0.035,1.0300000000000002e-09,0.0331,0.00584,5.41e-08,-0.0453,0.00725,2.58e-09,,,,-0.0437,0.0081,2.0399999999999997e-07,0.0351,0.0061,3.2900000000000003e-08,-0.0421,0.00742,5.0700000000000004e-08,0.0193,0.00695,0.00599,-0.0249,0.00686,0.000365,-0.0206,0.0146,0.161,,,,0.0144,0.00576,0.0135,,,,,,,,,,0.0181,0.00629,0.004529999999999999,,,,0.0069,0.006679999999999999,0.303,,,
37,m_2823116020_25,0.1959284126433588,0.1960126275894876,8.421494597608688e-05,-0.0448,0.00175,0.0,0.35600000000000004,0.00536,0.0,-0.0205,0.00139,0.0,0.0216,0.00275,0.0,,,,0.0205,0.0027600000000000003,0.0,-0.0186,0.0014,0.0,0.0232,0.0027600000000000003,0.0,-0.02,0.00137,0.0,0.0206,0.00274,0.0,-0.096,0.00207,0.0,0.41600000000000004,0.0059700000000000005,0.0,-0.0169,0.0014199999999999998,0.0,0.0182,0.00282,7.84e-10,,,,0.0177,0.00281,1.95e-09,-0.015,0.0014199999999999998,0.0,0.0198,0.00282,0.0,-0.0164,0.00141,0.0,0.0173,0.00281,4.23e-09,-0.0279,0.0035399999999999997,0.0,,,,-0.0195,0.00195,0.0,,,,,,,,,,-0.0175,0.00195,0.0,,,,-0.0157,0.0018100000000000002,0.0,,,,-0.0126,0.0117,0.28600000000000003,,,,-0.00941,0.0106,0.37799999999999995,,,,-0.0145,0.0028,5.46e-07,,,,-0.0285,0.00715,9.329999999999999e-05,,,,-0.0254,0.00674,0.000215,,,,-0.0195,0.00195,0.0,,,,,,,,,,,,,,,,,,,,,,-0.0265,0.007090000000000001,0.00024300000000000002,,,,-0.0127,0.00758,0.0955,,,,-0.0234,0.0067,0.0005679999999999999,,,,-0.0179,0.006959999999999999,0.0107,,,,-0.0175,0.00195,0.0,,,,-0.0157,0.0018100000000000002,0.0,,,,-0.0446,0.0017699999999999999,0.0,0.35600000000000004,0.00536,0.0,-0.0206,0.00139,0.0,0.0216,0.00275,0.0,,,,0.0205,0.0027600000000000003,0.0,-0.0187,0.0014,0.0,0.0232,0.0027600000000000003,0.0,-0.02,0.00137,0.0,0.0205,0.00275,0.0,-0.0959,0.00206,0.0,0.41600000000000004,0.0059700000000000005,0.0,-0.017,0.0014199999999999998,0.0,0.0182,0.00281,7.359999999999999e-10,,,,0.0177,0.00281,1.8299999999999999e-09,-0.0151,0.0014199999999999998,0.0,0.0198,0.00282,0.0,-0.0165,0.00141,0.0,0.0172,0.00282,4.55e-09,-0.0278,0.0035299999999999997,0.0,,,,-0.0195,0.0019399999999999999,0.0,,,,,,,,,,-0.0174,0.0019399999999999999,0.0,,,,-0.016,0.00182,0.0,,,
38,m_2962238020_1,0.30075437873158234,0.3017956013277384,0.0010412225963600064,-0.0378,0.0012,0.0,0.5479999999999999,0.0021,0.0,-0.0121,0.000715,0.0,-0.0128,0.0012699999999999999,0.0,,,,-0.0128,0.00125,0.0,-0.0129,0.00081,0.0,-0.0128,0.0012699999999999999,0.0,-0.0121,0.000715,0.0,-0.0126,0.00126,0.0,-0.193,0.00143,0.0,0.703,0.00251,0.0,-0.0271,0.0008539999999999999,0.0,0.0028,0.00148,0.06,,,,0.00268,0.00146,0.0682,-0.028,0.00093,0.0,0.00275,0.00148,0.0652,-0.0271,0.000852,0.0,0.00294,0.00147,0.0474,-0.0269,0.0057399999999999994,5.03e-06,,,,-0.019,0.00294,7.23e-10,,,,,,,,,,-0.0198,0.00302,4.07e-10,,,,-0.0118,0.00176,1.8300000000000001e-10,,,,-0.155,0.0316,2.06e-06,,,,-0.0885,0.0266,0.00105,,,,0.0014,0.00454,0.758,,,,-0.0918,0.0225,6.28e-05,,,,-0.0369,0.0187,0.0498,,,,-0.019,0.00294,7.23e-10,,,,,,,,,,,,,,,,,,,,,,-0.0925,0.0225,5.610000000000001e-05,,,,0.0415,0.0193,0.0327,,,,-0.0376,0.0187,0.0457,,,,0.0173,0.0135,0.2,,,,-0.0198,0.00302,4.07e-10,,,,-0.0118,0.00176,1.8300000000000001e-10,,,,-0.0376,0.00122,0.0,0.5479999999999999,0.0021,0.0,-0.012,0.000723,0.0,-0.0128,0.0012699999999999999,0.0,,,,-0.0128,0.00125,0.0,-0.0128,0.0008119999999999999,0.0,-0.0128,0.0012699999999999999,0.0,-0.0119,0.000721,0.0,-0.0126,0.00126,0.0,-0.193,0.00145,0.0,0.703,0.00251,0.0,-0.027,0.0008619999999999999,0.0,0.00279,0.00148,0.0611,,,,0.00267,0.00146,0.0702,-0.0279,0.000933,0.0,0.00274,0.00148,0.0664,-0.027,0.000858,0.0,0.00292,0.00147,0.0483,-0.0262,0.00579,9.97e-06,,,,-0.0188,0.00296,1.26e-09,,,,,,,,,,-0.0196,0.0030399999999999997,7.27e-10,,,,-0.012,0.0017699999999999999,1.2e-10,,,
39,m_2962238020_2,0.2930044771116763,0.2940036354506206,0.0009991583395803764,-0.0769,0.0013,0.0,0.6459999999999999,0.0023899999999999998,0.0,-0.0198,0.0008300000000000001,0.0,-0.0138,0.0014199999999999998,0.0,,,,-0.013,0.0014199999999999998,0.0,-0.024,0.000925,0.0,-0.0139,0.0014199999999999998,0.0,-0.0197,0.000834,0.0,-0.0138,0.0014199999999999998,0.0,0.0615,0.0012900000000000001,0.0,0.505,0.0018100000000000002,0.0,-0.0201,0.0009109999999999999,0.0,-0.0135,0.0014,0.0,,,,-0.012,0.0014,0.0,-0.0244,0.001,0.0,-0.0135,0.0014,0.0,-0.0202,0.0009130000000000001,0.0,-0.0134,0.00139,0.0,-0.0333,0.0046700000000000005,0.0,,,,-0.028,0.00259,0.0,,,,,,,,,,-0.0324,0.00268,0.0,,,,-0.0218,0.00187,0.0,,,,-0.165,0.0294,6.19e-08,,,,-0.0813,0.0211,0.00016,,,,-0.00835,0.0034700000000000004,0.017,,,,-0.136,0.0223,4.7499999999999995e-09,,,,-0.0449,0.0176,0.0115,,,,-0.028,0.00259,0.0,,,,,,,,,,,,,,,,,,,,,,-0.14,0.0223,1.88e-09,,,,-0.0025,0.0171,0.884,,,,-0.0487,0.0176,0.00605,,,,-0.0096,0.0117,0.413,,,,-0.0324,0.00268,0.0,,,,-0.0218,0.00187,0.0,,,,-0.0767,0.00131,0.0,0.6459999999999999,0.0023899999999999998,0.0,-0.0197,0.0008349999999999999,0.0,-0.0138,0.0014199999999999998,0.0,,,,-0.0129,0.0014199999999999998,0.0,-0.024,0.0009279999999999999,0.0,-0.0138,0.0014199999999999998,0.0,-0.0196,0.0008380000000000001,0.0,-0.0138,0.0014199999999999998,0.0,0.0617,0.00131,0.0,0.505,0.0018100000000000002,0.0,-0.02,0.000919,0.0,-0.0134,0.0014,0.0,,,,-0.012,0.0014,0.0,-0.0243,0.00101,0.0,-0.0135,0.0014,0.0,-0.0201,0.0009199999999999999,0.0,-0.0133,0.00139,0.0,-0.0325,0.0047,5.529999999999999e-11,,,,-0.0279,0.00259,0.0,,,,,,,,,,-0.0322,0.0026899999999999997,0.0,,,,-0.0218,0.00187,0.0,,,
40,m_2962238020_5,0.17409788591002584,0.17456427624070125,0.00046639033020130116,-0.10300000000000001,0.00125,0.0,0.542,0.00175,0.0,-0.006220000000000001,0.00078,0.0,-0.0403,0.0009220000000000001,0.0,,,,-0.0406,0.000921,0.0,-0.00603,0.00079,0.0,-0.0403,0.0009220000000000001,0.0,-0.00618,0.000782,0.0,-0.0404,0.000916,0.0,-0.00746,0.00131,4.34e-08,0.447,0.00197,0.0,-0.0012,0.000715,0.0934,-0.0455,0.00106,0.0,,,,-0.0458,0.00106,0.0,-0.0010199999999999999,0.0007480000000000001,0.17600000000000002,-0.0455,0.00106,0.0,-0.00117,0.000718,0.106,-0.0457,0.00105,0.0,-0.0457,0.00417,0.0,,,,-0.0175,0.0012900000000000001,0.0,,,,,,,,,,-0.0173,0.00135,0.0,,,,-0.0162,0.0011300000000000001,0.0,,,,-0.0668,0.0225,0.00339,,,,-0.072,0.0225,0.00159,,,,-0.0307,0.00215,0.0,,,,-0.0469,0.0132,0.000468,,,,-0.0552,0.0129,2.78e-05,,,,-0.0175,0.0012900000000000001,0.0,,,,,,,,,,,,,,,,,,,,,,-0.0466,0.0132,0.0005,,,,-0.0755,0.0117,8.400000000000001e-10,,,,-0.055,0.0129,2.9999999999999997e-05,,,,-0.0811,0.0116,0.0,,,,-0.0173,0.00135,0.0,,,,-0.0162,0.0011300000000000001,0.0,,,,-0.10300000000000001,0.00125,0.0,0.542,0.00175,0.0,-0.00614,0.000778,0.0,-0.0402,0.000924,0.0,,,,-0.0405,0.000924,0.0,-0.00596,0.000787,0.0,-0.0402,0.000924,0.0,-0.00606,0.000779,0.0,-0.0404,0.000918,0.0,-0.007390000000000001,0.00132,6.64e-08,0.447,0.00197,0.0,-0.0011300000000000001,0.000712,0.115,-0.0455,0.00106,0.0,,,,-0.0457,0.00106,0.0,-0.0009480000000000001,0.0007440000000000001,0.204,-0.0455,0.00106,0.0,-0.00105,0.000714,0.14400000000000002,-0.0456,0.00106,0.0,-0.0457,0.00417,0.0,,,,-0.0173,0.0012900000000000001,0.0,,,,,,,,,,-0.0171,0.00135,0.0,,,,-0.0162,0.0011300000000000001,0.0,,,
41,m_2975652020_1,0.30364195158428753,0.33336566568563764,0.02972371410084422,0.109,0.00125,0.0,-0.431,0.00168,0.0,0.00671,0.000603,0.0,-0.0269,0.00105,0.0,,,,-0.0243,0.00105,0.0,0.0006259999999999999,0.0006230000000000001,0.317,-0.0267,0.00105,0.0,0.109,0.0012699999999999999,0.0,-0.43,0.00168,0.0,-0.353,0.00125,0.0,0.0295,0.00144,0.0,0.00373,0.000778,3.18e-06,-0.0238,0.0011300000000000001,0.0,,,,-0.022,0.0011300000000000001,0.0,-0.00228,0.000808,0.00517,-0.0237,0.0011300000000000001,0.0,-0.353,0.0013,0.0,0.0303,0.00144,0.0,0.0458,0.00548,0.0,,,,0.00548,0.0015300000000000001,0.000425,,,,,,,,,,-0.0005480000000000001,0.0015300000000000001,0.72,,,,-0.00943,0.00352,0.0079,,,,-0.0396,0.0123,0.00149,,,,-0.0472,0.0106,1.4599999999999999e-05,,,,0.00521,0.0026899999999999997,0.0539,,,,-0.0269,0.00835,0.00146,,,,-0.0341,0.0055899999999999995,4.91e-09,,,,0.00548,0.0015300000000000001,0.000425,,,,,,,,,,,,,,,,,,,,,,-0.033,0.00837,0.00011,,,,-0.0332,0.0166,0.0476,,,,-0.0402,0.00562,0.0,,,,0.0013,0.0139,0.925,,,,-0.0005480000000000001,0.0015300000000000001,0.72,,,,-0.00943,0.00352,0.0079,,,,0.11,0.0012900000000000001,0.0,-0.431,0.00168,0.0,0.00685,0.000617,0.0,-0.0268,0.0010400000000000001,0.0,,,,-0.0243,0.00105,0.0,0.000758,0.000633,0.233,-0.0266,0.0010400000000000001,0.0,0.109,0.0012699999999999999,0.0,-0.43,0.00168,0.0,-0.353,0.0012699999999999999,0.0,0.0296,0.00144,0.0,0.00387,0.000788,1.8e-06,-0.0238,0.0011300000000000001,0.0,,,,-0.022,0.0011300000000000001,0.0,-0.00215,0.0008150000000000001,0.00894,-0.0236,0.0011300000000000001,0.0,-0.353,0.00131,0.0,0.0303,0.00144,0.0,0.0449,0.00556,0.0,,,,0.00561,0.00155,0.00037799999999999997,,,,,,,,,,-0.00042800000000000005,0.00155,0.7829999999999999,,,,-0.00933,0.0035299999999999997,0.00891,,,
42,m_2975652020_2,0.1580833183859854,0.16836022433114328,0.010276905945040972,0.0806,0.0017800000000000001,0.0,-0.0633,0.00318,0.0,0.0298,0.0008759999999999999,0.0,-0.022,0.00148,0.0,,,,-0.0209,0.00149,0.0,0.0244,0.0008990000000000001,0.0,-0.0218,0.00149,0.0,0.0296,0.000883,0.0,-0.0213,0.00148,0.0,0.133,0.0017399999999999998,0.0,-0.11800000000000001,0.00329,0.0,0.0524,0.00109,0.0,-0.043,0.00147,0.0,,,,-0.0419,0.00147,0.0,0.047,0.00107,0.0,-0.0428,0.00147,0.0,0.0521,0.00109,0.0,-0.0423,0.00149,0.0,0.0886,0.00441,0.0,,,,0.037,0.0021899999999999997,0.0,,,,,,,,,,0.0315,0.00217,0.0,,,,0.0188,0.00173,0.0,,,,0.0857,0.0236,0.00035,,,,0.0422,0.0117,0.000412,,,,0.0782,0.00299,0.0,,,,-0.00967,0.023,0.675,,,,-0.0342,0.0116,0.00345,,,,0.037,0.0021899999999999997,0.0,,,,,,,,,,,,,,,,,,,,,,-0.0151,0.0231,0.513,,,,0.0791,0.0153,5.77e-07,,,,-0.0396,0.0116,0.000772,,,,0.0764,0.00765,0.0,,,,0.0315,0.00217,0.0,,,,0.0188,0.00173,0.0,,,,0.0807,0.0018,0.0,-0.0633,0.00318,0.0,0.0299,0.000874,0.0,-0.022,0.00148,0.0,,,,-0.0209,0.00149,0.0,0.0244,0.000897,0.0,-0.0218,0.00149,0.0,0.0297,0.000878,0.0,-0.0213,0.00148,0.0,0.133,0.0017399999999999998,0.0,-0.11800000000000001,0.00329,0.0,0.0524,0.00109,0.0,-0.043,0.00147,0.0,,,,-0.0419,0.00148,0.0,0.0469,0.00108,0.0,-0.0428,0.00148,0.0,0.0522,0.0011,0.0,-0.0423,0.00149,0.0,0.0886,0.004379999999999999,0.0,,,,0.037,0.0021899999999999997,0.0,,,,,,,,,,0.0315,0.00218,0.0,,,,0.0189,0.00172,0.0,,,
43,m_AA12345_3,0.3911471323163777,0.3933313469473668,0.0021842146309575604,0.0272,0.00317,0.0,-0.0122,0.008620000000000001,0.16,0.0159,0.00147,0.0,0.0329,0.00248,0.0,,,,0.0329,0.00246,0.0,0.02,0.00156,0.0,0.0329,0.00248,0.0,0.0161,0.00148,0.0,0.0326,0.00253,0.0,0.17600000000000002,0.006220000000000001,0.0,-0.159,0.008140000000000001,0.0,0.0221,0.0017800000000000001,0.0,0.0265,0.0027600000000000003,0.0,,,,0.0259,0.00275,0.0,0.0262,0.0018800000000000002,0.0,0.0264,0.0027600000000000003,0.0,0.0215,0.00176,0.0,0.0269,0.00282,0.0,0.00615,0.00545,0.261,,,,0.0268,0.0025,0.0,,,,,,,,,,0.0309,0.00256,0.0,,,,0.0232,0.00231,0.0,,,,0.0362,0.0412,0.381,,,,0.0126,0.0364,0.73,,,,0.0313,0.005529999999999999,5.2e-08,,,,0.0333,0.0196,0.0913,,,,0.00875,0.0174,0.615,,,,0.0268,0.0025,0.0,,,,,,,,,,,,,,,,,,,,,,0.0374,0.0197,0.0584,,,,0.0548,0.0177,0.0022,,,,0.0129,0.0174,0.45899999999999996,,,,0.0401,0.0167,0.0172,,,,0.0309,0.00256,0.0,,,,0.0232,0.00231,0.0,,,,0.0272,0.00318,0.0,-0.0122,0.008620000000000001,0.16,0.0158,0.00151,0.0,0.033,0.00248,0.0,,,,0.0331,0.00246,0.0,0.0199,0.00159,0.0,0.033,0.00247,0.0,0.016,0.0015,0.0,0.0327,0.00253,0.0,0.17600000000000002,0.00621,0.0,-0.159,0.008140000000000001,0.0,0.022,0.0018100000000000002,0.0,0.0266,0.0027600000000000003,0.0,,,,0.026,0.00275,0.0,0.0261,0.0019100000000000002,0.0,0.0265,0.0027600000000000003,0.0,0.0215,0.00179,0.0,0.027,0.00282,0.0,0.0062,0.00542,0.254,,,,0.0267,0.00252,0.0,,,,,,,,,,0.0308,0.00257,0.0,,,,0.0232,0.00233,0.0,,,
